"시점","행정구역(시군구)별","성별",계,0 - 4세,5 - 9세,10 - 14세,15 - 19세,20 - 24세,25 - 29세,30 - 34세,35 - 39세,40 - 44세,45 - 49세,50 - 54세,55 - 59세,60 - 64세,65 - 69세,70 - 74세,75 - 79세,80 - 84세,85 - 89세,90 - 94세,95 - 99세,100세 이상
"2000","서울특별시","계",10287787,631197,665410,628820.5,824109.5,921977,1145988,1003374.5,911285.5,908303.5,699872,577565.5,478557,347730.5,218124,143568.5,96622,52857.5,23654,7122,1311,337.5
"2000","종로구","계",186484,9315.5,10574.5,10865.5,13953,15976.5,20883,17360,15821.5,15647,12084,10755.5,10434,8615.5,5599.5,3773,2533.5,1386,644.5,212,44.5,5.5
"2000","중구","계",133632,7282,7709,6692.5,9086.5,11499,15425.5,13447,11529.5,10889.5,8438.5,7813.5,7713.5,6073,3967.5,2811.5,1822,896,381.5,127,23.5,4
"2000","용산구","계",238788,13407.5,13534.5,12076,16405,20385.5,28196.5,24186,20460.5,19581,14932.5,13469.5,13359.5,11178,7329,4756.5,3021,1548,670.5,231.5,46,13.5
"2000","성동구","계",339982.5,22717.5,22586.5,18633.5,23485,29502,40742,36897,31595,27612.5,20091,17843.5,16651.5,12989.5,8068,4889,3020,1635.5,725,236.5,47,15
"2000","광진구","계",390685,26305,26214.5,23755.5,29550.5,35162.5,48468.5,41712.5,35436,33826,24611.5,19692,16515,11805,7069.5,4588,3227.5,1680.5,787,218,46.5,13.5
"2000","동대문구","계",373734.5,20807,22170,20448.5,28077,35474.5,44210.5,35718.5,31394.5,30714.5,24296.5,21619,20526,15694,9683.5,5939,3771.5,2041,862,233,44.5,9.5
"2000","중랑구","계",460088.5,29435.5,33621,30174.5,36669.5,39693.5,47889,45335,44442,41398.5,29893,24213,20682,14799.5,8988.5,5704,3819.5,2091,916,257.5,50,16
"2000","성북구","계",466895.5,27217.5,28484,25251.5,34602.5,42300.5,53482,45027,40180,38043.5,30174.5,27458,25979.5,19850,12147,7608,4832,2629.5,1194,359,58,17.5
"2000","강북구","계",352068.5,19859,21527.5,19257.5,27001,33088.5,40443,32911.5,29563,28691.5,22914.5,21684.5,20599,14676.5,8352.5,5014,3369,1932,844,279,52.5,8.5
"2000","도봉구","계",373125.5,24314.5,27395,26922,31070.5,28509,35139.5,35332.5,36126.5,37089,25494,18794.5,15776.5,11967.5,7833,5187,3311,1803,796.5,214,34.5,15.5
"2000","노원구","계",625067,43083,47016,45117,54203.5,47414,55856.5,60535,61024.5,62693.5,42920.5,29810.5,23474,18282,13021,9264.5,6177.5,3288,1378,402.5,84,21.5
"2000","은평구","계",470940.5,29396,31180,28609.5,36562.5,39530.5,50971.5,46236.5,41629.5,40648,30639,26718,23882.5,18335,11069,6884.5,4497,2460,1252.5,354.5,59,25.5
"2000","서대문구","계",366581.5,23506.5,22765.5,19652,25062,31802,44545.5,37614.5,31929,29282.5,21899,20016.5,19600.5,16035.5,9770,6014.5,3783,2051,918,273,53,8
"2000","마포구","계",386211,24941,23058,19277,25911.5,34840.5,50202.5,41433,33359,29986,22915,21172,19927,15680.5,9944,6187,3972,2082,949,314.5,43,16.5
"2000","양천구","계",483547,28631,34396,35840.5,46019.5,41539,42926,41773,45419.5,49876,37730,26361.5,18057.5,12517,8621,6152,4134,2277,947,273,48,8.5
"2000","강서구","계",520508.5,32863.5,36537,35232.5,45368,45223.5,51980.5,49197,49343.5,50065,36418.5,27567.5,19981.5,14410,9922,7257,4945,2668,1133,322.5,59,14
"2000","구로구","계",399195.5,26871.5,26711,23640.5,31317.5,36599.5,45099.5,40923.5,36467,34497,26810.5,22235.5,17752.5,12303,7413.5,4733.5,3129,1696.5,725,218,41.5,10
"2000","금천구","계",267530,17852.5,19251.5,16344.5,20903.5,24133,29480,28006.5,25984,23399.5,17100.5,13933,11572.5,7914,4843,3061.5,2076,1086.5,426,131.5,23,7.5
"2000","영등포구","계",405408,26824,26392.5,22609,29167,35865.5,48830,42793.5,36480,33910.5,25902,22056,19027.5,14366,8873.5,5511.5,3676,1925.5,867.5,280,40.5,10
"2000","동작구","계",417526.5,26809.5,25613.5,21777.5,29220,38870.5,53677.5,43629,34941,32573.5,25664.5,23873.5,21425,16045.5,9922,5964.5,3930.5,2208.5,979,316,70,15.5
"2000","관악구","계",520978,32734,30513.5,26260,37915,52248.5,72090,55579,42722.5,39481,32694,29978.5,26233.5,18183,10272,6121,4156.5,2313.5,1059.5,354.5,51.5,17
"2000","서초구","계",399409.5,20030,21189.5,24476,34667.5,41109,47429.5,35323.5,30014,34884,31511.5,27347,19726.5,11898.5,7113.5,5063,3804,2291.5,1095.5,354.5,64.5,16.5
"2000","강남구","계",551318,26975.5,28590.5,35090,52020,57383,62828.5,47184,40689.5,50461,45965.5,37856.5,25012,14596.5,8934,6860,5502,3200.5,1615.5,456.5,78.5,18.5
"2000","송파구","계",664547.5,40961,44697.5,45300,59078,59798,69257,62211,59144,62755.5,50027.5,37673.5,26180,17314.5,11249.5,8010,5633.5,3281.5,1468.5,403.5,90,13.5
"2000","강동구","계",493534.5,29057,33681.5,35517.5,46793.5,44029,45934,43008.5,45590,50297.5,38744,27623,18468,12201,8118,6214,4479,2385,1019,300,58.5,16.5
"2001","서울특별시","계",10287325,606981.5,660333,626822.5,768052,929933,1103615.5,1038046.5,883309,923126,750224,582730.5,478452.5,363467.5,235303,149694,98193.5,55142.5,24542.5,7681.5,1342.5,332
"2001","종로구","계",185301.5,8855,10507.5,11040.5,13070,15796,19493.5,17902,15357,16105.5,12999,10540.5,10049,8798,6030,3852,2540.5,1443.5,655,212,49.5,5.5
"2001","중구","계",142013,7768,8115,7019.5,8819,12244,15841,15219,12002.5,11782,9586.5,8238,7903,6568.5,4451,2977,1906.5,995.5,399.5,148.5,25.5,3.5
"2001","용산구","계",240560,13469.5,13672,12261,15091.5,20405.5,26789,25688,20477.5,20213.5,16090,13424.5,12955,11400.5,7892,4991.5,3104,1628,697.5,252,48.5,9
"2001","성동구","계",341082.5,22042,22345,18694.5,21879,29798,39092.5,38275,31016.5,28601,21781,17943,16434.5,13430.5,8722.5,5169.5,3102,1703.5,753.5,240,44,15
"2001","광진구","계",389709,24797,26017,23880.5,27847,35385,46557,42712.5,34470,34621.5,26613.5,19782,16271.5,12346.5,7555.5,4743,3244,1758.5,803.5,244,44,15.5
"2001","동대문구","계",381121.5,20891.5,22858.5,20627.5,26383,36093.5,43256,38171.5,31428.5,31903.5,26390.5,21980.5,20367.5,16482.5,10710,6294,3882,2182,912,252.5,44.5,10
"2001","중랑구","계",453684,27360,32477,29579,33993.5,40168,45483.5,45240.5,42138.5,41942,32107,24304,20482.5,15427.5,9656,6007.5,3875.5,2178.5,914,283,50.5,16
"2001","성북구","계",455732,25254,27759.5,24588.5,31534,41438.5,49550,45306.5,38107,38334,31502,26845,25147.5,20293.5,13048,7835,4860.5,2661.5,1211,385,56.5,14.5
"2001","강북구","계",351699.5,18968.5,21301.5,19118.5,24953.5,32826.5,38860.5,33983,28693.5,29406.5,24527,21716.5,20377,15739,9237.5,5306,3427.5,2018.5,870.5,303.5,58.5,6
"2001","도봉구","계",371117.5,23112.5,26694.5,26520.5,29573.5,29211.5,33071.5,35816,34142.5,37403,27859.5,19186,15710,12545.5,8443.5,5449.5,3396,1865,831,241.5,32,12.5
"2001","노원구","계",639769.5,43234,47355.5,45538.5,52294.5,50040,54639,64012,59592.5,64091,48061,31419,24045.5,19469.5,14068.5,9831,6472,3567.5,1497.5,439,81,21
"2001","은평구","계",468568,27958,30845,28536,33897.5,39663.5,48422,47246,40085,41251,32930,26761.5,23681,19158.5,12076.5,7246,4536,2532,1268.5,395,56,23
"2001","서대문구","계",366804,22750.5,23018.5,19768.5,23626.5,31583,42141.5,39128,31374.5,30182,23529,19803,19016,16546.5,10680,6366,3873.5,2120.5,944.5,287,54.5,10.5
"2001","마포구","계",383224.5,23891.5,23090,19250.5,23725.5,34273,47490,43268.5,32579.5,30508,24312.5,20839.5,19348,16100,10639.5,6456,3977.5,2155,952.5,310.5,41,16
"2001","양천구","계",485563,27754.5,34775.5,36084,42993,42510.5,41532,42840.5,44193.5,50584.5,40284.5,27002,18435,12958,9130.5,6496.5,4221,2388.5,1018.5,301.5,49.5,9.5
"2001","강서구","계",521360,31404.5,35354,34897.5,42885,46930,51070,50026.5,46639,50945.5,39723,28521,20509.5,15058.5,10501.5,7415,5052.5,2793.5,1199.5,356.5,65.5,12
"2001","구로구","계",409213.5,26663,27186,23913,29586,37914,44291,42848.5,36023,36089,29572.5,23751.5,18503.5,13227.5,8331.5,5099,3284.5,1849,788.5,241,40.5,11
"2001","금천구","계",263453.5,16418.5,18608.5,16231,19325.5,23859.5,27747,27575,24936,24097,18182,14127,11681,8349,5217,3209,2085.5,1163,468.5,137,25.5,11
"2001","영등포구","계",406685,25930,26318,22609,27158.5,35799,46882,44475,35705.5,34970,27784.5,22615.5,19009.5,14935,9684,5767.5,3777.5,2030,888,292.5,45,9
"2001","동작구","계",411004,24887.5,25042,21487,26813,38273.5,51138.5,44584,33196.5,32870,26943,23633,21075,16544.5,10652.5,6205.5,3917,2285.5,1026.5,348.5,67.5,13.5
"2001","관악구","계",526084,31663,30571,26166,34669,52947,71578,58875,42327,40252,34635.5,30565.5,26453.5,19429,11229,6545,4233,2376,1106.5,384.5,57.5,21
"2001","서초구","계",395859,19292,21122,24427.5,31912.5,40187,45627.5,37311,29441,34316,32591.5,26801.5,19899.5,12560.5,7538,5144.5,3800,2301,1132.5,364.5,73.5,15.5
"2001","강남구","계",545491.5,25741,28354.5,34941,47713.5,56495.5,60999.5,49760.5,39441.5,49536,47801,36762.5,25416,15439,9332,6840.5,5426.5,3288,1601.5,501.5,77.5,22.5
"2001","송파구","계",659330,38883,43852,44707,54959.5,60569,66820.5,63649,56701,62601.5,53054,37903,26544,17843.5,11897,8183,5693.5,3381,1548,434.5,94.5,11.5
"2001","강동구","계",492895,27992.5,33093,34936,43348.5,45522,45242.5,44133,43240,50520,41364,28265,19138,12816.5,8579.5,6264.5,4505,2477.5,1054,326,60,17.5
"2002","서울특별시","계",10235315.5,570918.5,643194.5,636614.5,711117,931200,1056376,1062366.5,862435.5,927059,784075.5,584896.5,476778.5,388943.5,250576.5,155707,99641,57784,25716.5,8195,1401.5,318.5
"2002","종로구","계",182728,8167,10112.5,11294.5,12173.5,15546,18210,18095.5,14912,16286.5,13567.5,10345,9672,9123,6300,3930,2555.5,1502.5,659,216.5,52.5,7
"2002","중구","계",140575,7236.5,7865,7116.5,8088.5,12222,14770.5,15401,11826.5,11785.5,10168,8222,7554.5,6978,4699.5,3001,1933,1082.5,424,165,30.5,5
"2002","용산구","계",237843,12857.5,13272,12469,13674,20204.5,24819,26334.5,20204,20270.5,16746,13263.5,12389,11846,8339,5196,3182,1737.5,725.5,261.5,44.5,7.5
"2002","성동구","계",341074,21047,21821.5,19122.5,20255.5,29806.5,37209,39388,30594.5,29263.5,23173.5,18041,16166,14276.5,9386.5,5406,3217,1783.5,801.5,254.5,46.5,13.5
"2002","광진구","계",387310,22833.5,25320,24287.5,26028,35627.5,44760.5,43392,33777,34998,27884,19951.5,16153,13207.5,7963.5,4892.5,3249.5,1830.5,839,253,49,13
"2002","동대문구","계",381820,19774,22597.5,21067.5,24437,36477,41268,39200.5,31163.5,32474,27760,22199.5,19965,17667.5,11524,6650.5,4012.5,2270,965.5,289.5,45,12
"2002","중랑구","계",445526.5,24986,30704.5,29410.5,31218.5,40407.5,42939,44921,40111,41810,33619.5,24488.5,20225,16704,10261,6244.5,3900,2255.5,950.5,302.5,53,14.5
"2002","성북구","계",447205.5,23316,26661,24720,28804,40821,46465.5,45766.5,36659,38479,32465,26213.5,24274,21341,13794,8072.5,4910,2735,1235,403.5,56,14
"2002","강북구","계",356650,18656,21305,19814.5,23116,32807.5,37617,36219,28888,30093,25946,21774.5,20124,17403,10229,5700,3510.5,2151,910,318.5,61,6.5
"2002","도봉구","계",371585,21734,26012,26686.5,28136,30139.5,31411.5,36344.5,33026,37334.5,29909.5,19840.5,15858.5,13615.5,9095.5,5760.5,3529.5,1941.5,880.5,283.5,34,11.5
"2002","노원구","계",644278.5,41495,46576.5,46582,49465,51971.5,52202.5,65499,58071,64423,51750.5,32738.5,24417.5,20998.5,14971,10377.5,6724,3830.5,1615,464.5,85.5,20
"2002","은평구","계",468962,26488,30355.5,29140,31387.5,39963,46431,48728.5,39457.5,41673.5,34735,26703,23529,20458,13107,7696.5,4625,2654.5,1318,432.5,58,21
"2002","서대문구","계",364421,21425.5,22588.5,20184,22038.5,31478.5,39398,40058,30925.5,30611,24783,19465,18349.5,17424,11471,6659.5,3989,2213,991.5,306.5,52,9.5
"2002","마포구","계",377279,22144.5,22472,19587.5,21625.5,33629,44671.5,44326,31870.5,30591,25166.5,20328,18652.5,16735,11209,6695,3938.5,2260,1001.5,315.5,46.5,13.5
"2002","양천구","계",484431.5,26291.5,34438,37292.5,39946,42693,39783,43369,43085,51150.5,41846.5,27475,18728,13846.5,9535.5,6727.5,4276,2510.5,1067,307,51.5,12
"2002","강서구","계",524905,29933.5,34050.5,35383.5,40151,48440.5,50691.5,51661,44659.5,51257.5,42490,29530,21592.5,16376.5,11127,7627,5165.5,2979,1319.5,389,69.5,11
"2002","구로구","계",414346.5,25771.5,27012,24458,27400.5,38626,43208,44307,35578,36784,31494.5,24769,19119,14701,9136.5,5460.5,3370.5,1996,837,266.5,40,11
"2002","금천구","계",260944.5,15168.5,17886.5,16429,17843.5,23636.5,26195,27362.5,24245.5,24497.5,19172,14423.5,11757,9239.5,5621.5,3408.5,2095,1252.5,519,154.5,27,10
"2002","영등포구","계",407806.5,24648.5,25785.5,23083.5,25335,35697.5,44535.5,46031.5,35336,35540,29389.5,23175,19143,16062.5,10566.5,6077,3905,2213,932.5,293,46.5,10
"2002","동작구","계",404581.5,22938,24116,21635.5,24540.5,37710.5,48720.5,45356.5,32185,32641,27774.5,23307,20570.5,17500.5,11253.5,6452.5,3991.5,2353,1100,355.5,68,11.5
"2002","관악구","계",524985.5,29649.5,29676,26344,31269.5,53057,70574,61305,41793,40506,35375,30570,26279.5,21190.5,12061.5,6981.5,4206.5,2511,1159.5,386.5,71,19
"2002","서초구","계",391552.5,18224.5,20867.5,24978,29578.5,38857.5,43557,38795,29374.5,33953.5,33149,25996.5,20018.5,13318.5,7897,5207,3800.5,2334.5,1163.5,393,75,13.5
"2002","강남구","계",537889,23845.5,27897,35794.5,44152,54788.5,58837,51455,38961.5,48869.5,48482,35439.5,25609,16332.5,9677.5,6827,5315,3356,1610.5,537.5,79,23
"2002","송파구","계",651260,36224,42281,44899.5,50839,60585,64435.5,64762.5,54737.5,61986.5,54647.5,37917.5,26962,18896.5,12341,8366,5742,3452.5,1596,481.5,94,13
"2002","강동구","계",485355.5,26063,31521,34834,39614,46007,43666,44287.5,40994,49780,42581,28719.5,19670,13701.5,9009,6290.5,4497.5,2578.5,1095.5,364,66,16
"2003","서울특별시","계",10190690.5,536803,624152.5,646952.5,667904.5,927041,1012848,1066284.5,866654.5,913775,809286.5,594019,484816.5,410307,266029.5,162511.5,102250,61813,26784,8607.5,1544.5,306
"2003","종로구","계",179375,7450.5,9698,11509,11466.5,15224,16897.5,17712.5,14855.5,16093.5,13848.5,10306.5,9389.5,9307,6491,3996,2593.5,1591.5,661.5,219,54,10
"2003","중구","계",136341,6607,7384.5,7070,7391,11810.5,13476.5,14947.5,11703,11339.5,10392,8063.5,7320,7152,4843,3030,1986,1164.5,447,168,39.5,6
"2003","용산구","계",233262,11837,12770,12480,12624,19780.5,22998,26007.5,20101.5,19815.5,17172.5,13116.5,12154,12052,8763.5,5376.5,3298,1841.5,764,254,47,8.5
"2003","성동구","계",340070.5,19892,21113,19383,18983,29826.5,35343,39397.5,30929.5,29192,24272.5,18480.5,16157.5,15003,10003.5,5694,3331,1894.5,841,264.5,56.5,12.5
"2003","광진구","계",385720,21066,24546.5,24645,24699,35765,43198,43202,34127,34681.5,28906,20416,16552,13873,8566,5077,3272,1930.5,863.5,264,57.5,12.5
"2003","동대문구","계",382358,18769.5,22091,21513,22896,36685.5,39586.5,39321.5,31641.5,32255,28895,22620,20130,18658,12254,7044.5,4181.5,2418.5,1006.5,324,50,16.5
"2003","중랑구","계",439107,22867,28959,29346,29123,40287,40773.5,44080,39458,41048,34822,25044.5,20456.5,17720.5,10907,6437.5,3984,2405.5,998,326,52.5,11.5
"2003","성북구","계",448433,22675,26058.5,25360.5,26956,40917,44671.5,47037,37335.5,38182.5,33761,26334.5,24007.5,22302.5,14648,8403,5063,2948,1267,429,62,14
"2003","강북구","계",361279.5,18286.5,21395.5,20648.5,21679.5,32716.5,36116.5,37527,29814,30378.5,27017.5,21944,20333.5,18697,11288,6154.5,3609.5,2315.5,965,323,60.5,9
"2003","도봉구","계",374255,20431,25277.5,26835.5,27204,31282,30081,36358.5,33052.5,36662,31897,20812.5,16599,14675.5,9749,6158.5,3736.5,2138,947,308.5,38.5,11
"2003","노원구","계",636791.5,38423.5,45009.5,47266.5,46577.5,52227.5,49103,63879,57279,62789,53722,33829,24900.5,21927,15708.5,10839,6945.5,4105,1658.5,483.5,96.5,22
"2003","은평구","계",472491.5,25603.5,29836.5,29937.5,29541,40238,44845.5,50007.5,40312,41447,36168.5,27017.5,23895.5,21715,14128.5,8212.5,4851,2847,1342.5,460.5,66,18.5
"2003","서대문구","계",359183.5,19946.5,21758.5,20497,20683.5,31285.5,36620.5,39601.5,30836.5,30149,25717,19356,17891.5,17893,12143,6924.5,4111.5,2367,1019.5,318.5,54.5,9
"2003","마포구","계",377434,21240,22059.5,20078.5,20228,33285.5,43114.5,45352.5,32767.5,30472.5,26056.5,20223.5,18494,17296,11783,7041,4057.5,2416,1067,330.5,58,12.5
"2003","양천구","계",485740,24839,33938.5,38922,38061,42680.5,38383.5,42827.5,43380,51257,43332.5,28409.5,19457.5,14729.5,9976.5,6926,4456.5,2654.5,1122,319,55.5,12
"2003","강서구","계",532662,29162.5,33137.5,35952.5,38005,49537,50650,53636.5,44726,50495,44767,31064,23227,17816.5,11898,8047,5376,3260,1412.5,403,78.5,10.5
"2003","구로구","계",413104,24306.5,26219,24723.5,25385.5,38394,41516.5,44408.5,35693.5,36112,32476,25479,19923,16001.5,9898.5,5720.5,3457.5,2158.5,904.5,270,47,9
"2003","금천구","계",261318.5,14289.5,17333,16784.5,16708.5,23450.5,25113,27347,24464,24495.5,20096,14939.5,12141,10096.5,6121,3667,2164.5,1349,547,174,29.5,8
"2003","영등포구","계",406040,23193.5,25088.5,23357,23675,35285,42109.5,46269,35723,34960,30614.5,23661,19555,16953,11336,6475,4021.5,2410.5,974,318,52.5,8.5
"2003","동작구","계",406703.5,21805.5,23579,22035,23185.5,37845,47288,46547,32855,32299.5,29028.5,23689.5,20875,18472.5,12022,6852.5,4185.5,2532,1156,364,75.5,11
"2003","관악구","계",522331.5,27546,28564,26450,28433,52774.5,69501,62846.5,42167,39845,35745,30311,26471,22591.5,13057,7366,4249,2712.5,1202,400,84.5,15
"2003","서초구","계",392006.5,17381.5,20974,25834,28211.5,37929,41854.5,39576.5,30293,33788.5,33664,26006.5,20643.5,14110.5,8330,5358.5,3854.5,2477.5,1202,430,74.5,12.5
"2003","강남구","계",532057.5,21922.5,27368,36906,42189.5,52800,56561.5,51493,39590.5,48298,48657,35167.5,26046,17062,10077.5,6853.5,5225.5,3513.5,1661,558,87.5,19.5
"2003","송파구","계",633275.5,32929.5,39928.5,44688.5,47024,59352.5,60798,63129.5,53395,59592,54748.5,38106.5,27498,19615,12572,8405,5686.5,3581,1611.5,508.5,91.5,14
"2003","강동구","계",479350,24332,30065,34729.5,36974,45662,42247,43772,40154.5,48127,43509.5,29620.5,20698.5,14587,9465,6452,4552.5,2781,1143.5,390,75,12.5
"2004","서울특별시","계",10173624,511612.5,604193.5,655309,645145.5,898899,983101,1059545,884473,894394.5,839501.5,608388,502635.5,417978.5,284942.5,171409.5,107648.5,65423,27893.5,9108.5,1709,313
"2004","종로구","계",175945.5,6824,9268,11475.5,10971.5,14667,15930,17041.5,14852.5,15727.5,14190.5,10326.5,9297.5,9123.5,6773,4142.5,2674.5,1663,692.5,239,54,11.5
"2004","중구","계",133259.5,6153,6918.5,7073,7014,11181,12673.5,14384.5,11734,10989.5,10575.5,7986.5,7383.5,7040,5064,3086.5,2083.5,1238,463,168,43.5,6.5
"2004","용산구","계",230989,11110,12374,12569,12130,18939.5,22054,25470,20508.5,19426,17773.5,13138.5,12243,11887,9204,5617.5,3471.5,1940,802.5,268,55,7.5
"2004","성동구","계",339240.5,18804,20356.5,19603,18351,29094,33969.5,38951.5,31738.5,28743.5,25477.5,18986,16547,15092.5,10611,6131,3524.5,2043.5,876,264,63,13
"2004","광진구","계",382733,19623.5,23571.5,24901.5,23841,34639.5,41782.5,42153,34699,33876,30201,20968,17126.5,14050.5,9310,5349,3369.5,2049,862,290,57,13
"2004","동대문구","계",381139.5,17833,21342,21954.5,21928.5,35590.5,38187,38718.5,32415,31489,30008,23183,20636.5,18859,13027,7508,4467.5,2520.5,1060,338.5,53,20.5
"2004","중랑구","계",434973.5,21293,27334,29261.5,28110,38999,39360,43052,39574.5,40061,36231,25762.5,21159.5,18016.5,11803.5,6770,4202,2518.5,1051,348,53.5,12.5
"2004","성북구","계",452089.5,22535.5,25637,26054.5,25946,40005,43384,47790,38978,37730,35235.5,27022.5,24289,22503.5,15706,8915.5,5339,3153,1316.5,458.5,76.5,14
"2004","강북구","계",360594,17456.5,20899,21304.5,20638,31401.5,34263,37321.5,30829,29897,28073.5,22088.5,20758,19040.5,12310,6636.5,3813.5,2423,1035.5,336.5,60,8.5
"2004","도봉구","계",379269,19728,24724.5,27057,26756,31748.5,29520,36031,33808,35974,33936,22174.5,17582.5,15163.5,10653.5,6603.5,4063,2347.5,1009.5,324,56,8.5
"2004","노원구","계",630057.5,36005,43286,47610,45068.5,50869,47327,61546.5,57358.5,60671.5,55491,35028.5,25810.5,22162,16516.5,11283,7324,4314,1739.5,522.5,100.5,23.5
"2004","은평구","계",476432.5,25016.5,29217.5,30757,28491.5,39267.5,43562,50481,41814,40920.5,37851,27725.5,24766,22192.5,15363.5,8797,5274,3010,1346,478,82.5,19
"2004","서대문구","계",353912,18599,20802.5,20822,19945,30333.5,34317.5,38550,31015.5,29431.5,26714,19475.5,17869,17491.5,13024,7280.5,4283,2518,1040.5,330.5,58,11
"2004","마포구","계",381454,20966,21794,20558.5,19624.5,32471,42249.5,46332,34512,30347.5,27301.5,20533.5,18838,17467.5,12540,7470.5,4353.5,2564.5,1101,355,64,10
"2004","양천구","계",491030,23956,33447,40355.5,37463,41772,38074.5,42530,44406,51088,45381,29496,20717,15226,10682.5,7256,4787.5,2795,1165.5,360.5,59.5,11.5
"2004","강서구","계",539337,28624.5,32271,36310,37033.5,48763.5,50456.5,54804,45742.5,49194,47187.5,32674,25057,18642.5,12820,8513,5718,3528,1461.5,432.5,91,12.5
"2004","구로구","계",414836.5,23368.5,25510,25020.5,24293,37091.5,40729,44870.5,36564.5,35237.5,33678,26286,21238.5,16743.5,10813.5,6072,3723.5,2267,977.5,287.5,54.5,10
"2004","금천구","계",260428.5,13513.5,16590,17149,15926,22525.5,24218,26982.5,24693.5,24066.5,21054,15467.5,12605,10485.5,6696.5,3936.5,2274.5,1437.5,578,188.5,33,7.5
"2004","영등포구","계",404794,22182,24112.5,23508.5,22631.5,34055.5,40565,46081,36604.5,34062.5,31913.5,24149.5,20326,17175,12147.5,7028,4227,2568.5,1044,340,65.5,6.5
"2004","동작구","계",410652.5,21281.5,23075,22536,22584.5,36908.5,46329.5,47383,34234.5,31870,30475.5,24222.5,21742.5,18864.5,12844,7457.5,4462,2701.5,1202.5,388.5,78,11
"2004","관악구","계",526306,26568.5,27932,26942,26995,51141,68945.5,65040.5,44001,39147.5,36915.5,30571.5,27497.5,23231,14441,7846.5,4506,2808,1242.5,428,89,16.5
"2004","서초구","계",397812.5,17223.5,21104.5,26520.5,27792.5,36834,41334,40429,31839,33851.5,34613,26556,21736.5,14883,8986.5,5603,4025.5,2667,1254,465,79.5,15
"2004","강남구","계",530247,20435,26619.5,37573.5,41488.5,50387,55518,51140,40524,47681.5,49588.5,35404.5,27055,17734,10683,7000,5283,3702,1732.5,573.5,105,19
"2004","송파구","계",611903.5,29801.5,37359,44030.5,44454,56156,57130.5,59770,52251.5,56723,54821.5,38456,28242.5,19715.5,12905,8456.5,5691,3681.5,1627.5,525.5,91.5,13.5
"2004","강동구","계",474187.5,22711,28648,34361.5,35668.5,44058,41221,42691.5,39775,46188,44814,30705,22111.5,15188,10017,6649.5,4707.5,2964.5,1212.5,398.5,86,11
"2005","서울특별시","계",10170253,482389,586372,661779.5,634565,849113.5,978564.5,1039497,904030.5,871351,861981,645293.5,521987.5,422661.5,301682,184784.5,114869.5,67952.5,29562,9597,1892.5,327.5
"2005","종로구","계",171843.5,6150.5,8726.5,11191.5,10682.5,13836,15495.5,16035.5,14691,15141.5,14347.5,10684,9190.5,8816.5,6962.5,4384,2767.5,1688.5,742,245,54,11
"2005","중구","계",130999,5647,6556.5,7069,6782,10419.5,12460.5,13656,11884.5,10674,10589,8291,7430,6885.5,5260,3221,2168.5,1302,491.5,162.5,40.5,8.5
"2005","용산구","계",230183.5,10408.5,12124,12762,11888.5,17717.5,21828,24742,21226,19053,18210,13800.5,12331,11677.5,9456,6024.5,3673,2046,850,292,63.5,10
"2005","성동구","계",338428.5,17722.5,19824,19796,18013.5,27280.5,33556.5,38098,32638.5,28228.5,26377.5,19888,16959,14992,11114,6687,3800.5,2165,933,275,65,14.5
"2005","광진구","계",378075,17841,22558,25081.5,23342,32568,40916.5,40335,34872,32953,31125.5,22296,17542.5,14066.5,9926,5719,3526.5,2153,876,313,51,13
"2005","동대문구","계",380257,16717.5,20561.5,22289.5,21349,33605,37900,37663,33152,30641,30809,24606.5,21107,18901.5,13782.5,8175.5,4843.5,2591,1138.5,346,59,18.5
"2005","중랑구","계",430615.5,19601,25760,29210,27583,36573,38899.5,41334,39440.5,38892.5,37321.5,27402.5,21902,18141,12594,7324,4504,2549,1134,372.5,64.5,13
"2005","성북구","계",457000.5,22039.5,25577,26777,25602.5,38065.5,43098,47459,40996,37345.5,36611,28809.5,24841.5,22419.5,16589.5,9762.5,5735.5,3275.5,1413,470.5,96.5,16
"2005","강북구","계",356892.5,16138.5,20095,21785.5,19925.5,28995,33076,36026.5,31376.5,29020,28812.5,22934.5,21044,19076,13193,7287.5,4140.5,2455.5,1083,353,67,7.5
"2005","도봉구","계",381734,18537.5,24138.5,27168.5,26359,31023.5,29784,35045,34435,34807,35119.5,24397,18495.5,15361.5,11424,7224,4414,2495,1084,342.5,72.5,6.5
"2005","노원구","계",625093.5,33302.5,41789,47801.5,44565,48417.5,47126.5,58815,57635.5,58429,56601.5,37597.5,26965.5,22136,17135,11863.5,7825,4498.5,1892.5,569.5,104,23.5
"2005","은평구","계",474419,23405,28387.5,31123.5,27934.5,36732.5,42696.5,49058,42767.5,39705.5,38938.5,29228.5,25475,22264.5,16373.5,9490,5695,3135,1394,497,98.5,19
"2005","서대문구","계",350617,17099.5,19891.5,21254,19629.5,28763.5,33344,36781,31686.5,28742.5,27520,20371,18102.5,16984,13728,7922.5,4639.5,2641.5,1097,349.5,59.5,10
"2005","마포구","계",385810.5,20161,21599.5,21157.5,19478,30922.5,42048,46564,36418.5,30237,28415,21790,19180.5,17479,13266,8093.5,4706.5,2680,1166.5,365.5,74.5,7.5
"2005","양천구","계",497426.5,22948.5,32914,41553.5,37518,39936.5,38849.5,42220.5,45107,50526.5,47268.5,31746,22169,15763.5,11356.5,7748.5,5153,2943,1223.5,396.5,71.5,13
"2005","강서구","계",547665.5,28125,31983.5,36586,36644,46620,51300,55486.5,47444,47718,49023.5,35529,27025.5,19315,13693,9149.5,6145,3716,1560,485,98,19
"2005","구로구","계",416616.5,22288,24849.5,25260,23672.5,34720.5,41095.5,44905,37361,34197.5,34575.5,27676.5,22656,17283,11636,6654,4040,2326,1031.5,322,57,9.5
"2005","금천구","계",258267.5,12514.5,15801,17325.5,15563.5,20963.5,23592.5,26040.5,24588.5,23480,21926.5,16301.5,13083.5,10768.5,7240.5,4270,2453.5,1486.5,629.5,194.5,35,8.5
"2005","영등포구","계",407323.5,21375.5,23261.5,23835.5,22208.5,31992.5,40485,46054,37806.5,33333,32924.5,25566,21468.5,17417.5,12911,7859,4535.5,2711,1144.5,346,81,7
"2005","동작구","계",410713,20420.5,22406,23094,22178.5,34630,45513.5,46515.5,35636,31185.5,31168,25391,22537.5,19039.5,13477.5,8171.5,4739.5,2810,1277,415,92,15
"2005","관악구","계",530088,25428.5,27393.5,27547.5,26317,48019,68983.5,65966,46035,38533.5,37799,31954.5,28575,23709.5,15674.5,8594,4861,2870,1283.5,439,88,16.5
"2005","서초구","계",401302,16776,21093.5,26765.5,27697,34798.5,41291,40300.5,33534.5,33607.5,35044,27846.5,22547.5,15485.5,9619,5995,4217,2788,1303.5,496.5,81.5,14
"2005","강남구","계",536213,19402,26136.5,37645.5,41430.5,48182.5,57158.5,51609.5,42036.5,46754.5,50500,37430,28461.5,18738.5,11492,7384,5487,3800,1816,608.5,118.5,21
"2005","송파구","계",605066.5,27530,35789.5,43762.5,43411,52910.5,56944.5,57669,52112,54473,55490,40921.5,29550,20212.5,13384.5,8864.5,5908.5,3753.5,1709.5,552.5,103.5,14
"2005","강동구","계",467602,20809,27155,33937,34790,41420.5,41121.5,41118,39149.5,43672,45463.5,32834.5,23347,15727.5,10393.5,6916,4890,3073,1288.5,388,96.5,11.5
"2006","서울특별시","계",10174255,453688,566568.5,657692,634324.5,799909,986617,1004342,935250,844490.5,880295,696827,531401.5,426725.5,318422.5,201261,121727.5,70350,31732.5,10201,2089,341
"2006","종로구","계",168054,5534,8107,10799,10588.5,13065,15330,14810,14798,14378,14455,11330,8984,8430,7109.5,4649,2860.5,1719,796.5,248,52,11
"2006","중구","계",130338,5213,6276.5,6971,6704.5,9795,12620.5,12927,12307,10352.5,10786,8947,7419,6743.5,5457,3486,2250.5,1339,532,158.5,46,6.5
"2006","용산구","계",231147.5,9884.5,11917.5,12666,11948,16608,22200.5,23941,22445.5,18674,18679,14988,12310.5,11340.5,9683.5,6513.5,3880,2161.5,927.5,301.5,66,11
"2006","성동구","계",336090.5,16582.5,18996,19592,17970.5,25390.5,33501,36259.5,33721.5,27444.5,27045.5,21287,16970.5,14814,11608.5,7290,4056,2199,988,291.5,67.5,15
"2006","광진구","계",375027.5,16282,21359.5,24883.5,23402.5,30790.5,40905.5,38422,35378.5,31863,31973,24036,17672.5,14098,10510,6169,3708.5,2227.5,948,332,52.5,13.5
"2006","동대문구","계",379985,15767,19805,22168.5,21075,31544,38296,36297,34171.5,29776.5,31425,26447.5,21260,18825,14570.5,9006,5151.5,2711,1246,360,67.5,14.5
"2006","중랑구","계",426725.5,17993,24167,28626,27376,34278,39072.5,39025.5,39573.5,37367,38245.5,29793,22315,18251,13440.5,7991.5,4824,2642,1243,410.5,78.5,12.5
"2006","성북구","계",467861,21964,25989.5,27268,26013,36601,43941,47058,44266.5,37048.5,38426,31410,25279.5,22478.5,17519,10846,6190.5,3422.5,1522,490,110,17.5
"2006","강북구","계",351125,14754.5,19029.5,21516.5,19522.5,26608,32394.5,33760,31844.5,27949,29098.5,24303,20921,18811.5,14071,8058,4422,2470,1133.5,372.5,77,8
"2006","도봉구","계",379531.5,16916.5,22979,26633,26084,29628,30210,32986.5,34885,33174,35623,26845.5,19037.5,15444.5,12136.5,7942.5,4762.5,2628,1158.5,370,79,8
"2006","노원구","계",620048,30411,40298,47502,44647.5,45616.5,47441.5,55418,58644.5,56107,57285,40940,27641.5,22009.5,17800.5,12575,8242.5,4697,2026,613.5,107.5,24
"2006","은평구","계",467665.5,21412,27049,30650,27863.5,33766,41910.5,46136.5,43684.5,38110.5,39464.5,31217,25504,22037,17169.5,10370.5,5978,3222.5,1486,519,97,18
"2006","서대문구","계",349091.5,15887,18976.5,21330.5,19692,27212.5,33406,34642,32859,27912,28197.5,21901,18035.5,16674.5,14239.5,8759.5,5014.5,2739,1165,370.5,69,8.5
"2006","마포구","계",389373.5,19241,21194.5,21413.5,19567.5,29374.5,42293.5,45735,38809.5,29936,29378.5,23596,19222.5,17312,13913,8879.5,4987,2766,1274.5,384,85.5,10
"2006","양천구","계",500736,21605,32089,41957.5,38160.5,37879.5,39537.5,40681.5,45977.5,49485.5,48755,34659.5,23045.5,16310.5,11879.5,8281.5,5475,3085.5,1340.5,425,92.5,12.5
"2006","강서구","계",554302.5,27313.5,31539,36357,36708.5,44163.5,52432.5,55156.5,49697,45978.5,50252.5,39051.5,28237.5,20129,14629.5,9865.5,6565,3856.5,1702,540,106.5,21
"2006","구로구","계",418118.5,21330.5,24029,25063.5,23567.5,32179.5,41578,44465,38530,33101,35357.5,29623.5,23543.5,17688,12403,7427,4281,2432.5,1099.5,347.5,63,8.5
"2006","금천구","계",255072.5,11462,14887,16985.5,15619.5,19435.5,23233.5,24490.5,24441,22708,22695,17346.5,13429,10829.5,7730.5,4680,2652,1514,679,207,37.5,10
"2006","영등포구","계",408542,20353.5,22402,23613.5,22106.5,29837,40535,45068,39374,32429,33696,27508,22121,17712.5,13546,8789,4874,2842.5,1267.5,371.5,85,10.5
"2006","동작구","계",409531.5,19286.5,21584,23133,22144,32445,45118,44623,37262.5,30183,31877.5,27016,22792,19149,14136.5,8891.5,5037.5,2921.5,1357.5,446.5,110,17
"2006","관악구","계",532618.5,24066,26524.5,27559.5,26164,45194,69647.5,64878,48536.5,37813,38626.5,33948,29114.5,24056.5,16931.5,9443.5,5241.5,2977.5,1328.5,456.5,92,19
"2006","서초구","계",405001,16351,21049,26856,27851.5,32784,41428.5,39494.5,35842,33155.5,35364,29824.5,22737,16187.5,10305.5,6562,4370,2848,1362.5,526,89,13
"2006","강남구","계",548936.5,19014.5,26212.5,37858,41979,46524.5,59384.5,52355,45345.5,46115,51259.5,40765.5,29219,20052,12581,7932,5706.5,3894,1926,655,133.5,24
"2006","송파구","계",606422.5,25803.5,34402.5,43225,43254,50446.5,58286,56194,53458,52404,56436.5,44616.5,30568,21040,14172.5,9509.5,6176.5,3868.5,1829.5,596.5,120.5,14.5
"2006","강동구","계",462909.5,19260,25705.5,33064,34314.5,38742.5,41913,39518,39397,41025.5,45893,35426.5,24021.5,16301.5,10878.5,7343.5,5020.5,3165.5,1393.5,408,104.5,13
"2007","서울특별시","계",10186938,442760,538010,643000,645271,750070,997249,968920,964047.5,827790.5,889983,735533.5,539704,431730,345882.5,217275.5,128671.5,73015.5,34407.5,10969.5,2279.5,368
"2007","종로구","계",166319.5,5288,7560.5,10350,10669,12356,15557.5,13746,15087.5,13879,14573.5,11825,8896.5,8146.5,7515.5,4918,2983,1748,876.5,279.5,53,11
"2007","중구","계",130346.5,5048.5,5887,6802,6864,9156,12793,12291,12670,10205,10942,9515,7434.5,6580.5,5865,3764.5,2329,1357.5,619.5,165,51.5,6
"2007","용산구","계",233933.5,9872,11564.5,12420,12315,15560,22969,23334,23854.5,18668,19059.5,16081.5,12298,11008.5,10200,6955.5,4100.5,2266.5,1010,317.5,70,9
"2007","성동구","계",333986,16041,17850.5,18987.5,18332.5,23550,33498.5,34524.5,34582,26800.5,27468.5,22487,16901,14598,12467.5,7873,4287,2276.5,1046.5,331,68,15
"2007","광진구","계",375507,15849,19906,24332.5,23860,29251.5,41630,37192.5,36007.5,31211.5,32628.5,25518,18044,14313.5,11372,6702,3918,2298,1053,343,60,16.5
"2007","동대문구","계",377640.5,15341,18727,21560,21187,29111,38534.5,34828,34865.5,29137,31549,27496.5,21237,18551.5,15689.5,9734,5402,2853.5,1341.5,402,80,13
"2007","중랑구","계",426574.5,17427.5,22337,27617,27728.5,32245.5,40001.5,37469.5,39838,36162,39151,31813,22939,18458,14827.5,8728,5117,2799,1358.5,452,92,13
"2007","성북구","계",471408,21985.5,25467.5,27016,26575,34521.5,44315.5,45362,46615,36786.5,38998.5,33161.5,25361,22241,18894,11689,6547,3566.5,1647,525,117,16
"2007","강북구","계",347234,14055.5,17755.5,20762.5,19796,24425,32213.5,31760,32459.5,27255,29131.5,25265,20732,18444,15397,8870.5,4705,2501,1223.5,383,89,10
"2007","도봉구","계",376754.5,15888.5,21338,25773,26126.5,28109.5,30670,30815,34996,31920.5,35754.5,28767.5,19535,15597.5,13233.5,8559.5,5157.5,2772,1224,422.5,84,10
"2007","노원구","계",617423,28922.5,38293.5,46772,45498,42831,47905.5,52301,59717,54689.5,57648.5,43432,28430,22056,19117,13310,8610.5,4895.5,2197,662,112,22.5
"2007","은평구","계",461888,20299.5,25368.5,29703,28310,31047,41237.5,43242.5,44591,37091.5,39550.5,32729,25313.5,21739.5,18422,11301.5,6338.5,3363.5,1582.5,536,100,21
"2007","서대문구","계",348797.5,15384.5,17922,20827,20175,25457,33903.5,33017,33718.5,27544,28613.5,23241.5,17900.5,16407.5,15154.5,9557.5,5346,2876,1260,408,75.5,8.5
"2007","마포구","계",391616.5,19021,20403.5,21221.5,20052,27517.5,42326.5,44376,41051.5,29900,29952,24882.5,19190,17153.5,14845.5,9661,5309.5,2839,1391,421.5,89.5,12
"2007","양천구","계",502683.5,20878,30612.5,41558.5,39379.5,35890.5,40173.5,38832.5,46496.5,48655.5,49834.5,36939.5,23951,16859,12775,8782.5,5784,3210,1501.5,455.5,101,13
"2007","강서구","계",557684.5,26803.5,30258.5,35386,37420,41381,53081.5,54095.5,51598.5,44526,50852,41743.5,29187.5,21178.5,16081.5,10550,6960,4002.5,1854.5,589.5,113.5,21
"2007","구로구","계",420187,21253.5,22909.5,24459,23870.5,29595,42047.5,44112,40026.5,32378.5,35686.5,31068.5,24014.5,18212.5,13670.5,8189.5,4520.5,2534,1200.5,354,73,11
"2007","금천구","계",251175.5,10847,13603.5,16259,15852,17894,23022,22919,24062,22002.5,23114,18124,13687.5,10833,8501.5,5039,2855.5,1552.5,739,215.5,43.5,9.5
"2007","영등포구","계",408438,20140,21294,22898,22380.5,27658.5,40259,43515,40834.5,31854,34009,28920,22478.5,17999,14566.5,9559,5227,2948,1389.5,405,88,15
"2007","동작구","계",407274.5,18617.5,20479.5,22607,22493.5,30150.5,44899,42739.5,38620.5,29453,32190.5,28077.5,22656.5,19044,15263.5,9510.5,5399.5,3024.5,1445.5,473,112.5,17
"2007","관악구","계",535394,23489.5,25087,26973.5,26582.5,42641.5,71062.5,63313.5,50848,37370.5,39269.5,35247,29391,24281.5,18840,10259,5649,3058,1428.5,486.5,94,21.5
"2007","서초구","계",407117.5,16354,20532,26575,28272,30708,41507.5,38411.5,37519,32996.5,35254.5,31061,22942.5,17034.5,11354.5,7092,4489,2937,1419,538.5,106,13.5
"2007","강남구","계",558961,19332,25662,37826,42915,44639.5,60340,52229.5,48154,46257,51466.5,43081,30016.5,21521.5,14057,8568.5,5918,4019.5,2073,699.5,158.5,26.5
"2007","송파구","계",615440.5,25677.5,33026,42523.5,44113,48074,60065.5,55702.5,55665,51774.5,57151.5,47696.5,32106,22360,15817,10300,6526.5,4063.5,1998.5,645,135,19.5
"2007","강동구","계",463153,18943.5,24164.5,31790.5,34504,36299,43235,38790.5,40169.5,39272.5,46133.5,37360,25060.5,17111,11955,7801.5,5192,3253.5,1527.5,459.5,113,17
"2008","서울특별시","계",10196768.5,437811,509137,624411.5,655571,708240.5,1005719.5,934781,972701.5,834711.5,883313,766080,553112,443733.5,369077.5,233331.5,135989,76744.5,37744.5,11673.5,2485,400
"2008","종로구","계",168275.5,5411,7281,10079,10947,11916,16054.5,13206.5,15367,14110.5,14800.5,12446,9053.5,8162,7931,5244.5,3120,1826.5,947.5,305.5,54,12
"2008","중구","계",130203,5014,5540.5,6553.5,7017,8604.5,12818,11826,12627,10389,10868,10014.5,7506,6539,6141,4003,2407,1398,695.5,184,48.5,9
"2008","용산구","계",237028,10009,11059.5,12296.5,12670.5,14607.5,23689,22872.5,24581,19188.5,19203,17014.5,12495.5,11052,10602.5,7440.5,4324.5,2387.5,1099.5,350,74.5,10
"2008","성동구","계",323873.5,15362.5,16373,17868.5,18298,21494,32375.5,31909,33865,26343,26814.5,22870.5,16750.5,14170.5,12828.5,8185,4437,2365.5,1108.5,371,69.5,14
"2008","광진구","계",376027,15596,18500.5,23561,24285.5,27838.5,42291,35963.5,35889,31552.5,32584.5,26964.5,18639.5,14771,12093,7358,4129.5,2398.5,1165.5,357.5,70,18
"2008","동대문구","계",373335.5,15051,17513,20675.5,21355.5,26894,38286,33167.5,34766,29227.5,30987,28087,21294,18479.5,16519,10388.5,5615,3030.5,1444.5,448,92,14.5
"2008","중랑구","계",427471,17274.5,20588,26447,28030.5,30588.5,40961.5,36303.5,39562,36146.5,39290.5,33506,23785.5,19043.5,15926,9575.5,5387,2972.5,1477.5,479.5,112.5,13
"2008","성북구","계",471665,21855.5,24597,26485,27160,32635,44366,42983.5,47497,37602,38477.5,34429,25653,22180,19993.5,12540.5,6911.5,3779.5,1824,549.5,130.5,15.5
"2008","강북구","계",343876,13576,16455,19937,20181,22527,32016.5,30030,32337,27304.5,28936.5,25969,20601.5,18423.5,16467.5,9685,5005,2596,1327,392,97,12
"2008","도봉구","계",374955.5,15274.5,19726.5,24820,26180,26856.5,31337,29079,34490,31706,35167,30405,20129.5,16087.5,14119,9166.5,5504.5,2988,1362.5,459,86.5,11
"2008","노원구","계",616367,28055,36089.5,45812.5,46551.5,40867.5,48386,49576,59442,54865.5,57320.5,45584.5,29620.5,22504,20164,14061.5,9054,5153.5,2414.5,692,128.5,24
"2008","은평구","계",458798.5,19467,24023,28642.5,28903,29093.5,40845,40484.5,44771,37318.5,39194,34115.5,25459,21921.5,19508.5,12255.5,6787,3609.5,1714,549.5,114.5,22
"2008","서대문구","계",340131.5,14437.5,16508.5,19872,20325,23376,33170.5,30414,33060.5,27478,27930,23887.5,17649,15998,15464.5,10117,5582,2983.5,1376.5,416,76.5,9
"2008","마포구","계",388884.5,18767,19466.5,20726,20398,25519,41789.5,42248.5,41839,30459.5,29693.5,25639,19068.5,17086.5,15357,10184,5638.5,2967,1478.5,447.5,96.5,15
"2008","양천구","계",502996.5,20366,28752.5,40597,40536,34309,40759,37280.5,45501.5,48629,50168,38704.5,25131,17684,13633.5,9267.5,6028.5,3375,1681.5,478,98.5,16
"2008","강서구","계",568636,27406,29547,34532.5,38199.5,39485.5,54528,53963,53895.5,45068.5,50631,44218,30715,22788,17557.5,11481,7441.5,4314.5,2090,629,120,25
"2008","구로구","계",420668.5,21275,21615.5,23699.5,24076.5,27487,42280.5,43043,40855,32559.5,35061.5,32045,24536,18983.5,14858,8966,4857.5,2673.5,1320.5,379,84.5,12
"2008","금천구","계",248214,10386.5,12277,15422,16028,16679,23043,21666,23549.5,21782.5,23063.5,18850.5,13988,11099.5,9196,5388.5,3081.5,1622,806.5,227,47.5,10
"2008","영등포구","계",408138.5,20079,20146.5,22088.5,22644.5,25850.5,39950.5,41728,41420.5,32337.5,33604,30183.5,22987.5,18575,15554.5,10263.5,5619.5,3071.5,1494.5,429,93,17.5
"2008","동작구","계",403416.5,18096.5,19307.5,21935.5,22715,28129,44413.5,40905,38942,29649.5,31477.5,28842,22566,19155,16132.5,10095.5,5726,3135.5,1561,501,112,19
"2008","관악구","계",535063.5,22870.5,23412.5,26076.5,26857.5,40143,72449,61403.5,51866,37821,38899.5,36102.5,29463.5,24768.5,20282,11206.5,6060,3176.5,1573,506.5,102.5,23
"2008","서초구","계",406144.5,16301,19797,25967.5,28508.5,28926,41090.5,37050,37876.5,33380.5,34595,31534.5,23320,17941,12401.5,7537.5,4635,3051,1544,547.5,127,13
"2008","강남구","계",559395,19177,24216,36829.5,43453,42371.5,60346,51189,48531.5,46675,50790.5,44041.5,30988,22954.5,15336.5,9192.5,6038.5,4077.5,2230,763.5,169,24.5
"2008","송파구","계",646419,27595,33455,43029,45725,47384,63842.5,57591.5,59638,54215.5,58290,51361,35238,24917,17938,11443,7136.5,4421.5,2305,709,163.5,21
"2008","강동구","계",466785,19108,22889,30458,34525,34658.5,44631,38897.5,40532,38901.5,45465.5,39264.5,26473.5,18449,13072.5,8285,5462,3370,1703,503,116.5,20
"2009","서울특별시","계",10204564.5,429563.5,484752,603116,663580,683555.5,987836,915293,967670.5,853357.5,870046,800121,570164,462605,378338.5,251268,144706.5,82307.5,40650,12472.5,2720.5,441
"2009","종로구","계",169654,5437,6945,9732.5,11144,11648.5,16016.5,13036.5,15279,14388.5,14962,13173.5,9378.5,8279.5,7973.5,5625,3289.5,1961,994.5,315.5,62,12
"2009","중구","계",129913.5,4901,5218,6209,7107,8244,12531,11488.5,12369.5,10684.5,10874.5,10465,7703,6675,6177.5,4265,2505.5,1506,726,205.5,48,10
"2009","용산구","계",238466,9941,10487.5,12019.5,12860.5,14076,23506,22559,24434.5,19888,19133,17924,12929,11339,10627,7899.5,4619,2565.5,1193,373,81.5,10.5
"2009","성동구","계",311135,14224.5,14943.5,16719.5,18013,20034,30105.5,29176.5,32295,26246,25740.5,23296,16650,13983.5,12520.5,8397,4690,2468,1155,380,82,15
"2009","광진구","계",374740,14975.5,17206,22496.5,24542,26817.5,41733,35211,35199.5,32038.5,32115.5,28537.5,19362,15336,12375,8093.5,4397.5,2544,1258,404.5,79,18
"2009","동대문구","계",366198,14462,16240,19511.5,21321,25310.5,36794.5,31597,33882,29435,29806.5,28814,21521,18634,16581,11035,5919,3222.5,1523.5,474.5,95.5,18
"2009","중랑구","계",426316,16861.5,19179,25018,28155.5,29448,40293,35539.5,38752,36481,38709.5,35202,24752.5,19882,16380,10498,5761,3192,1569,495,135,12.5
"2009","성북구","계",474692.5,21593,23920.5,25943.5,27864,31836,43746,41541.5,47750.5,39154,38080,36064.5,26409.5,22640.5,20307.5,13629,7425,4082,1957.5,588.5,140.5,19
"2009","강북구","계",341320.5,13100,15328.5,19010.5,20594.5,21279,31031.5,28834,31891,27825.5,28402.5,26960,20637.5,18829,16826.5,10593,5397.5,2821.5,1406.5,432,105.5,14.5
"2009","도봉구","계",371834.5,14698.5,18393.5,23616.5,26091.5,25749.5,31163.5,27811,33550,31803,34051.5,31833.5,20906.5,16737,14327.5,9892,5837.5,3287.5,1494.5,477.5,98.5,14
"2009","노원구","계",613298.5,26752.5,33994,44555,47217,40144.5,47270,47527,57736.5,55774.5,56402,47871,30990,23331,20392.5,14818.5,9531.5,5477.5,2601.5,736,149,27
"2009","은평구","계",462148,19146,23024.5,27833,29795,28189.5,40207,39267,44705.5,38636,38862.5,36073.5,26312,22769,19980,13438,7344,3978,1857,580,126.5,24
"2009","서대문구","계",329569.5,13295.5,15198,18686.5,20248,22020.5,31388.5,28115,31674,27488.5,26945,24440.5,17588.5,15830,14958,10782,5816.5,3080,1514,409.5,79.5,11.5
"2009","마포구","계",384566,18107.5,18561,20063.5,20617.5,24210.5,40306,40442,41680,31342.5,29173.5,26470,19167,17164.5,15287.5,10658.5,5980,3184.5,1555.5,472.5,104,18
"2009","양천구","계",501869,19616.5,27120.5,39394,41524,33397.5,39957.5,36244.5,44025.5,48891,49978.5,40553.5,26198.5,18797,14038.5,9779.5,6243.5,3654.5,1826.5,499.5,110,18.5
"2009","강서구","계",574842,27426,28896,33463,38388,38323.5,54194.5,53764.5,55045.5,46228,49422.5,46574.5,32171.5,24504,18310.5,12417,7890.5,4721,2276,669.5,132.5,23.5
"2009","구로구","계",421381,21136,20524.5,22793.5,24248,26356,41228.5,42297.5,41356.5,33338.5,34189,33196,25235,20083.5,15487.5,9788.5,5276,2902,1421,415.5,94.5,13.5
"2009","금천구","계",246077.5,9887,11253,14457.5,16195.5,15985.5,22763,21052,22935,21800.5,22582.5,19801,14316,11490,9486.5,5885,3316,1724,836,252.5,47.5,11.5
"2009","영등포구","계",406948.5,19451,19079.5,21102.5,22891,24733,38763.5,40304,41181.5,33222.5,33087,31694,23547.5,19386,15902,11038.5,6087,3290.5,1606,467,96,18.5
"2009","동작구","계",399393,17471.5,18203.5,20950.5,22771,26954,43131.5,39663.5,38618,30217,30543.5,29686,22659.5,19670,16361,10715,6111,3341,1658.5,535,112.5,19.5
"2009","관악구","계",532212.5,21972,21848.5,24838,27071,38227.5,71422.5,59963,51996.5,38801,38017.5,37231,29695.5,25619,20863.5,12376,6518,3393.5,1691.5,524.5,115.5,27
"2009","서초구","계",415900.5,16933.5,19817.5,26102.5,29124.5,28403.5,40554,37536,38868,35222.5,34853,32692,24129,19299,13466.5,8200.5,4967,3259.5,1716,592,149.5,14.5
"2009","강남구","계",559985,19125.5,23002.5,35852,44162.5,40558,58808,51559.5,48388.5,47424,50555.5,44889,31492.5,24350.5,16243.5,9839.5,6138,4191.5,2384.5,823,171.5,25.5
"2009","송파구","계",675219,29134,34073,43348.5,47030,47520,65667.5,60183,62682.5,57360.5,58963,55058,38237.5,27684.5,19455,12616.5,7833,4834,2534.5,795.5,186,22.5
"2009","강동구","계",476884.5,19915,22294.5,29399,34604,34089,45253.5,40580,41374,39666.5,44595.5,41621,28174.5,20291.5,14010,8988,5813,3626,1894,554.5,118.5,22.5
"2010","서울특별시","계",10175959.5,425121.5,453092.5,582039,668543.5,668527.5,938445,916467.5,943367,868106,848627.5,823090.5,605579,480893,383202.5,266107,156569,88613,42558.5,13598,2935.5,476.5
"2010","종로구","계",166753.5,5256.5,6317.5,9183,10949,11335,15128,12811.5,14430,14382.5,14540.5,13473.5,9895,8332,7810.5,5842.5,3558,2057,1026,338.5,75.5,11.5
"2010","중구","계",129027.5,4841,4765.5,5884.5,7143,8003.5,11769,11389.5,11894.5,10924.5,10695,10771.5,8166,6802.5,6165,4481,2655.5,1632.5,762,222,50,9.5
"2010","용산구","계",237267.5,9849.5,9769,11565.5,12893,13802.5,22124,22559,23597,20538,18721.5,18412,13706,11545,10519.5,8168,4950,2771,1279.5,399.5,88,10
"2010","성동구","계",305806,13495.5,13765,15945.5,17969,19499,28091,28317,30802.5,26603.5,24998.5,24006.5,17404.5,14337.5,12354,8761.5,5102.5,2651,1200.5,397.5,90,14
"2010","광진구","계",371968,14569.5,15642,21377.5,24650,26228.5,39798.5,35358,34032.5,32179,31338.5,29636,20778,15831,12518,8672.5,4781,2722.5,1305.5,441.5,93,15
"2010","동대문구","계",360858,14092,14937,18501,21310.5,24287.5,34572.5,31162.5,32697.5,29568.5,28559,29349,22674.5,18852.5,16552,11614,6503.5,3434,1541.5,524,105.5,19.5
"2010","중랑구","계",422753,16482.5,17544.5,23578.5,28178.5,28545,38051.5,35588,37200,36372,37580,36439,26573,20691,16643,11212,6260.5,3487.5,1622.5,546,145,13
"2010","성북구","계",478396,21654.5,22955.5,25526,28452,31505.5,42272,41603.5,47177.5,40565,37565.5,37428,28055.5,23312.5,20338,14506.5,8193,4420.5,2036,654.5,150,24.5
"2010","강북구","계",340235,13026,14125.5,18179,20983,20608.5,29204.5,28747,31194.5,28309,27557,27878.5,21633,19249,16969.5,11412.5,5992.5,3102,1453.5,481,112,17.5
"2010","도봉구","계",366691.5,14326.5,16786,22414,25837,24876.5,29751.5,27344,31959.5,31673,32537.5,32561.5,22525,17258.5,14296.5,10469.5,6328.5,3547.5,1577.5,496,109.5,16
"2010","노원구","계",607752,25677.5,31227.5,43265.5,47561.5,39842,44710,46593,54936,56525.5,54902,49466,33327.5,24414.5,20288,15322.5,10052,5835.5,2796.5,815,163,31
"2010","은평구","계",472748,19958.5,21911.5,27636,30777.5,28338,38939,40404,44719,40477,38623.5,38038,28502,24030.5,20391,14617.5,8154.5,4428,2004,636,136.5,26
"2010","서대문구","계",322647.5,12755,13937.5,17543,20207.5,21328.5,29406.5,27257.5,29897,27566.5,26013.5,24984,18292.5,15924.5,14474,11321,6264.5,3334,1590,448.5,88.5,13.5
"2010","마포구","계",384598,17933,17562.5,19686,21101.5,23766,38162,39962,41030.5,32563,28772.5,27400.5,20310.5,17390.5,15334,11200.5,6628.5,3480,1651.5,536,106.5,20.5
"2010","양천구","계",497935,18981.5,25127.5,38143,42024,32786.5,37778,35927.5,42134,48600,49066,41863,28049.5,19878,14275,10182.5,6568,3978.5,1891,541,123,17.5
"2010","강서구","계",569884.5,26602.5,27019.5,32083,38122.5,37365.5,51225,53385,53805.5,46611.5,47360,47714,34446,25874,18579.5,13005,8343.5,5052,2396.5,734,140,20
"2010","구로구","계",420356,21056,19312,21824.5,24456.5,25566.5,38653.5,42228,41156,33911.5,33058.5,33965.5,26559.5,21307.5,15883.5,10460,5784.5,3136,1472.5,448.5,100,15.5
"2010","금천구","계",242748,9464.5,10217,13386.5,16085,15556.5,21860.5,20895.5,21855.5,21541.5,21801.5,20541,15020.5,11967,9645,6317.5,3568,1839.5,845,280.5,48.5,11.5
"2010","영등포구","계",402612,18862,17659,20009.5,23048,24032,36469,39588.5,39839.5,33589,32184,32610.5,24597,20130.5,15998,11512,6647.5,3505,1672.5,533.5,103,22
"2010","동작구","계",397391.5,17124,17083.5,20002,22927,26376,41162,39630,37804.5,31042.5,29589,30309,23700.5,20219,16515,11270.5,6632,3564.5,1729.5,572,121,18
"2010","관악구","계",526693,21087.5,20083,23607.5,27147.5,36866.5,67942.5,59632,51026,39574,36859.5,37843.5,30752.5,26427.5,21211,13412.5,7098.5,3669,1743.5,561.5,118.5,29
"2010","서초구","계",426529,17917.5,19705,26565,29686,28309.5,38938,39039.5,39306,37487,35063.5,33530.5,25729.5,20403,14372,8904,5396.5,3495,1842.5,643,176.5,19.5
"2010","강남구","계",560803.5,19956,21783,35194,44833,39319,55461.5,53040.5,47527,48406.5,50320.5,45054.5,32786.5,25289,16927,10530.5,6428.5,4392.5,2473.5,868.5,183,29
"2010","송파구","계",678728,29251.5,32510.5,42435,47427,46632,63026,61228,61665,58816.5,57609,56587.5,41227,29500.5,20269,13310,8426.5,5111,2626.5,857.5,184,28
"2010","강동구","계",484777.5,20901,21346,28504,34774,33751.5,43949,42776.5,41680,40279,43311.5,43227.5,30867.5,21925.5,14874.5,9601,6251,3967,2019,622,125,25
"2011","서울특별시","계",10116242,424011.5,423001.5,558517,661253,663688.5,882389.5,923813,901478.5,888509,818929.5,838299.5,651596,487536.5,386075,280456,170073.5,93790.5,44302.5,14848.5,3172.5,500.5
"2011","종로구","계",163975.5,5128.5,5803,8705,10608,11249,14182,12717,13327,14634,13908.5,13745,10591,8240.5,7580.5,6058,3856.5,2128,1040.5,380.5,81.5,11.5
"2011","중구","계",128861,4952.5,4396,5557.5,7121.5,8014,10960.5,11576,11279,11237,10369.5,11150,8862,6872,6098,4686.5,2911,1713,795,243.5,55,11.5
"2011","용산구","계",236688.5,9922.5,9200.5,11266.5,12792,13879,20528,22927,22513.5,21394.5,18275,18773,14796,11548.5,10285,8420.5,5295.5,2941.5,1393,438,87,12
"2011","성동구","계",299533,12950,12616.5,15043,17563,19315,26034,27830.5,28670.5,26975.5,23947,24400,18539.5,14319.5,12136,9140,5479.5,2803,1249.5,420.5,88,12.5
"2011","광진구","계",368260.5,14341.5,14314,20196,24367,25939,37492.5,35749,32298.5,32634,30238,30378.5,22534,15958.5,12593,9193.5,5209.5,2888.5,1342,469.5,113,11
"2011","동대문구","계",359109,14093,13935.5,17667,21070.5,24021,32534,31522,31315.5,30184,27659,29893.5,24326.5,18920.5,16530.5,12279.5,7212,3654,1574.5,577.5,120,19
"2011","중랑구","계",419048,16334.5,16127.5,22108,27739,28189,35581,36044,35117,36532,36010.5,37623.5,28807.5,21093,16793.5,11919,6842.5,3745.5,1679.5,593.5,151,17
"2011","성북구","계",479088,21653.5,21895,25072.5,28347.5,31404.5,40384.5,41910,45223.5,42295,36556,38238.5,30188.5,23521,20265.5,15312.5,9056,4717,2132,725,159,31
"2011","강북구","계",339529,13161.5,13121.5,17399,20928,20485.5,27242.5,29071,29929,29106,26733,28527,23249,19259,16934,12190,6708,3338.5,1480,528,118,20.5
"2011","도봉구","계",362400,14186,15288,21271,25272.5,24596,28018.5,27561,29851,31984,30948,33016,24584.5,17537.5,14283,11035,6882,3752.5,1672,525,117.5,19
"2011","노원구","계",601411,25041,28433,41733,47242.5,39951,42106,46271.5,51406,57463.5,53049.5,50582.5,36259,25097.5,20065,15901.5,10596.5,6144,2942.5,907.5,185,33
"2011","은평구","계",482586.5,20856.5,21113.5,27204.5,31164,29164.5,37043.5,41992,44106.5,42729.5,38173.5,39685.5,31260,24717,20700,15733.5,9141,4798.5,2140.5,692,146,24.5
"2011","서대문구","계",313144.5,12114.5,12582.5,16466.5,19794,20858.5,27135,26510.5,27245.5,27686,24717.5,25141,19267,15562.5,13961.5,11502.5,6834.5,3543,1617.5,495.5,94.5,14.5
"2011","마포구","계",384129,17877.5,16660.5,19204,21258,23713,35935,39773,39530,34213.5,28077,28253.5,21938.5,17233.5,15252,11716,7287,3744,1719.5,610,109,24.5
"2011","양천구","계",494724,18938,23286.5,36628,41785.5,32854,35555,36284.5,39790.5,48798.5,47610.5,42938,30432.5,20608.5,14653,10630,6984,4236,1957,606.5,133.5,14
"2011","강서구","계",564602.5,25869,25058,30672,37281.5,37133.5,48333,53705.5,51623.5,47324.5,44974,48438.5,37467,26628.5,18862.5,13574.5,8854,5274,2539,813,155,22
"2011","구로구","계",420803.5,21478,18322.5,20964,24367,25266,36107,42695.5,40435.5,34721.5,31864,34662,28468.5,22011.5,16326,11163.5,6441.5,3347,1539,501,107.5,15
"2011","금천구","계",239926,9237,9260,12381,15569.5,15544.5,20844.5,21050.5,20564,21287.5,21043.5,21221.5,16095,12321,9711.5,6722.5,3882,1971,850.5,310.5,48.5,10
"2011","영등포구","계",394875,18300,16190,18846.5,22438,23741.5,34131.5,38936.5,37555.5,33892,30586.5,32878.5,25951,20310,15939,11781.5,7282.5,3666.5,1727.5,592,105.5,23
"2011","동작구","계",396306.5,17088,16066,19071.5,22799.5,26305.5,39272.5,39976,36429,32267.5,28419.5,30922.5,25324,20368,16591.5,11863,7205.5,3774,1796,611,138,18
"2011","관악구","계",521193.5,20396.5,18586,22391,26704,36187,64286.5,59818,49256,40813.5,35569,38181.5,32264.5,26672.5,21328.5,14488.5,7722.5,3954.5,1822,591,133,27.5
"2011","서초구","계",427110,18390.5,19249.5,26256.5,29452,27962,36386.5,39479,38260,39444.5,34179.5,33404,27429.5,20500.5,14897.5,9531,5821.5,3613.5,1936,700,192.5,24
"2011","강남구","계",557563.5,20898,20660,34003.5,44315.5,38442.5,51521,54013,46066,49625.5,49070,44831.5,34720.5,25176,17728.5,11374.5,6903.5,4548,2511.5,920.5,203,31
"2011","송파구","계",674828,29351.5,30549,40952.5,47019,45894.5,59324,62167,59080.5,60131.5,55518.5,57181,44481.5,30253.5,20903.5,13950.5,8912.5,5290,2738.5,904.5,195,29.5
"2011","강동구","계",486546,21452,20287,27457,34254,33578.5,41451,44233,40605.5,41134,41432.5,44233,33759,22806,15656,10288.5,6752.5,4205,2107.5,692.5,136.5,25
"2012","서울특별시","계",10062309,419954.5,410476.5,526714,642806,673018.5,826461,931988,861998.5,905163.5,797277,844287.5,685164,493510,389975,304602.5,183112.5,98986.5,46554,16290,3430,539.5
"2012","종로구","계",161487.5,4981.5,5510.5,8123,10182,11312.5,13318.5,12704,12288.5,14709,13419.5,13916.5,11046.5,8172.5,7382,6528,4083,2227.5,1061,420.5,89,12
"2012","중구","계",129204.5,5023,4321,5124,6854.5,8273,10412,11892,10798.5,11434,10092.5,11324.5,9461.5,7011,6007.5,5064,3146,1776,832.5,281,64.5,11.5
"2012","용산구","계",235931.5,9907.5,8995.5,10826.5,12553.5,14241.5,19022.5,23053,21276,22088.5,18045.5,18978.5,15634.5,11535,9990,8905.5,5705,3097.5,1493,480,87.5,15
"2012","성동구","계",295034.5,12530.5,12013.5,14030.5,16903,19685,24221,27873,26858.5,27232.5,23122.5,24642,19490,14121.5,11902,9748.5,5862.5,2932.5,1300.5,450.5,99.5,15
"2012","광진구","계",366312.5,14128.5,13860,18824,23744.5,26293.5,35220,36238.5,30901.5,33032.5,29481,30894.5,23880,16269,12792.5,9946,5682.5,3051.5,1407.5,530,121,14
"2012","동대문구","계",357595.5,13947.5,13520,16685.5,20477.5,24425.5,30417.5,31851.5,29842.5,30823,27013,30044.5,25527.5,19051.5,16442,13348,7827,3905.5,1683,607,134.5,21.5
"2012","중랑구","계",415245,16112.5,15393,20245,26723,28501.5,33030,36550,33171,36441,34740.5,38351,30425,21553.5,16926.5,13103,7506.5,3915,1767,619.5,150,20.5
"2012","성북구","계",475852,20954,21310,24135,27656,31835,37870,41567,42582,43786.5,35771.5,38355.5,31748,23485,20097,16646.5,9785.5,4983.5,2265.5,818,165,35.5
"2012","강북구","계",338041.5,13157.5,12641,16359.5,20360.5,20987.5,25068.5,29151.5,28443.5,29960,26158.5,28702,24321,19207.5,16802,13440,7431.5,3593,1535,578,123,20.5
"2012","도봉구","계",359554,14008.5,14571,19794,24501.5,24787.5,26271,27965,27951,32177,29828.5,33123,26297,17999.5,14370,12007.5,7353,4003.5,1807.5,580,136.5,21.5
"2012","노원구","계",594568.5,24410,26953.5,39320,46153,40951.5,39211,46175.5,48129.5,57646,51575,51097,38380.5,25728,19958.5,17030,11131,6429.5,3037,1017.5,201,33.5
"2012","은평구","계",489536.5,21278.5,21067.5,26111,30862,30386,35089,43216.5,43091.5,44637,37886.5,40612.5,33379,25127,20956.5,17286.5,10145.5,5157.5,2308,755.5,158.5,24.5
"2012","서대문구","계",308639.5,11724.5,11883,15467,19189,21257.5,25284,26419.5,25305.5,27985,24060.5,25265,20248,15264.5,13639.5,12131.5,7416.5,3736,1693.5,550.5,105,14
"2012","마포구","계",380669,17232.5,16297.5,18320,20887.5,24102,33638,39179.5,37599,35576,27530.5,28541.5,22917,17034,14966,12482.5,7789,3988.5,1781,664.5,116.5,26
"2012","양천구","계",492793,18923.5,22424.5,34541,40979.5,33630,33427.5,36858.5,37652.5,48881,46546.5,43810.5,32283.5,21421.5,15182.5,11471,7404,4471.5,2052.5,671.5,146.5,13.5
"2012","강서구","계",561431.5,25374,24086,28985.5,35816.5,37557.5,45449,54620,49714,48137,43069,48759.5,39672,27418,19533,14610,9307.5,5550.5,2674.5,901,172,25
"2012","구로구","계",422946.5,21870.5,18105.5,19909.5,23820.5,25674.5,33900,43400,39764,35715,31056.5,35037,29942.5,22455.5,16907,12370,7093.5,3580.5,1649,562.5,116,17
"2012","금천구","계",239085.5,9130.5,8792,11437.5,14944,15842.5,19852.5,21501,19683,21130,20441.5,21827,17039.5,12587.5,9787.5,7450.5,4199.5,2160.5,874,340,55.5,9.5
"2012","영등포구","계",387175,17516,15461,17502,21290.5,23887.5,32036,38308,35425.5,34038.5,29283,32463.5,26939.5,20319,15892.5,12523,7847,3874,1799.5,631.5,114,23.5
"2012","동작구","계",397899.5,17131,15710,18068.5,22320.5,26988,37498,40618,35535,33393,27835,31428,26659.5,20457.5,16707,12975,7787.5,4063,1879.5,687,140.5,18
"2012","관악구","계",517095,19814,17801,20908,25873,36441,60502,60321.5,47429,42115,34618,38288,33296,26693,21445.5,16141.5,8419,4218.5,1943,650.5,149.5,28
"2012","서초구","계",427540.5,18799.5,19487.5,25363.5,28926,28001,34000,39727,37368.5,41153,33825,32960,28405,20540,15508,10424,6265,3736,2058,766,197.5,30
"2012","강남구","계",554870,21273.5,20617,32003.5,43081,38490.5,47748,54709.5,45181.5,50459.5,48281.5,44539,35995,25289.5,18747.5,12517,7431,4687,2574.5,991.5,218,34.5
"2012","송파구","계",669058,29298,29631.5,38690,45708,45740.5,55422.5,63132,56786.5,60912,53890.5,56825,46524.5,30967,21606,15047,9329,5477.5,2854,970.5,217,29
"2012","강동구","계",484742.5,21427.5,20023.5,25940,32999,33726,38552.5,44956,39220.5,41701.5,39705,44502,35651.5,23802,16426.5,11406,7165,4370.5,2223.5,765.5,152,26.5
"2013","서울특별시","계",10012711.5,412727,403817.5,495011.5,621096,683039,781950.5,936221.5,825453.5,903648.5,797714,835348.5,711723.5,504785.5,401314,325621.5,196583.5,104784,49514,18137.5,3639,581.5
"2013","종로구","계",157433,4727.5,5300.5,7468,9623,11277.5,12455.5,12542.5,11248.5,14283.5,13189.5,13654,11257,8163,7221.5,6776,4252.5,2315,1114.5,457.5,93,13
"2013","중구","계",127872.5,4891.5,4258,4685.5,6390.5,8405,9974.5,11915,10348.5,11242.5,9902,11117,9892.5,7112.5,5974.5,5322,3321.5,1848.5,883.5,308,71.5,8
"2013","용산구","계",232675.5,9578,8897,10145.5,12216.5,14325.5,17665.5,22656,19939,22033,18125.5,18753.5,16107,11511,9901.5,9206.5,6164,3239,1559,536,99,17.5
"2013","성동구","계",294446.5,12452.5,11772,13141,16316.5,20147,23273,28384.5,25634,27214,23127,24672,20471.5,14280,11886.5,10290,6260.5,3093.5,1396.5,504.5,113.5,16.5
"2013","광진구","계",364963.5,13936,13597,17419.5,22901,26862,33527,36742.5,29709,32643,29559,30818,24979.5,16791.5,13234.5,10522,6252,3215.5,1522.5,589.5,122,20.5
"2013","동대문구","계",357193,13755.5,13341.5,15706,19798.5,25086.5,28808.5,32194.5,28629.5,30949.5,27067.5,29675.5,26570,19379,16586.5,14300,8475,4203.5,1840,663.5,140,22.5
"2013","중랑구","계",412013,15856,14900.5,18587.5,25400.5,28792.5,31136,36894.5,31471.5,35717.5,34471.5,38126.5,31883,22184,17452,14118,8155.5,4119,1897,681.5,142,26.5
"2013","성북구","계",471766.5,20133,20853,23077.5,26865,32409.5,35602,40961,39792.5,44216.5,36163,37772.5,32891.5,23695,20267,17692.5,10545,5296,2416,914.5,169.5,34
"2013","강북구","계",334980.5,12901.5,12216.5,15285.5,19692.5,21386,23033,28817.5,26830,29910.5,26281,28405.5,25042,19221,16968,14542.5,8158.5,3873,1649.5,623.5,127,16
"2013","도봉구","계",356181.5,13629.5,14122.5,18240,23585,24928.5,24690.5,28169,26150.5,31611.5,29566,32515,27835.5,18569,14760.5,12864,7857,4277,1979.5,661.5,147.5,22
"2013","노원구","계",587991,23632.5,26025,36705,44830.5,41834.5,36975.5,45916,45293,56606,51392,50610.5,40135.5,26683.5,20295,17930.5,11772,6797.5,3176.5,1141.5,203,35.5
"2013","은평구","계",494712,21363,20987,25051,30230.5,31482.5,33629.5,44090.5,41623,45547,38523.5,40785.5,35185,25692.5,21645.5,18616.5,11112,5557.5,2514,877.5,169.5,29
"2013","서대문구","계",308466.5,11755.5,11513.5,14582,18543.5,21914.5,24155.5,26719,24048.5,27883,24301.5,25216.5,21285.5,15443.5,13717,12782.5,8032,4008,1790,634,125,16
"2013","마포구","계",376908.5,16422.5,16076.5,17492,20282,24627,31973,38660.5,35358,36064,27836.5,28236,23587,16995,14918.5,13067.5,8272.5,4302,1873,707.5,134.5,23
"2013","양천구","계",489072.5,18397,21946.5,32254.5,39834,34292.5,31558,37085.5,35767,47609.5,46408,43946,33775,22380,15986,12216.5,7834,4661.5,2185.5,757,159.5,19
"2013","강서구","계",561544,25262.5,23486.5,27441.5,34295.5,38010,43326.5,55877,48220.5,48450.5,42690,48038,41458.5,28689.5,20826,15679,9812.5,5909,2848.5,1006.5,184,32
"2013","구로구","계",421837.5,21471,18023,18802,23008,25999.5,31977.5,43190.5,38515,36290,30979.5,34412.5,30935,23030,17629,13449,7765,3860.5,1747,613.5,122.5,17.5
"2013","금천구","계",237917,8993,8482.5,10476.5,14304,16117.5,18841,21706,18798.5,20699,20326.5,21962,17863.5,12919,10046,8092.5,4529.5,2340.5,972,368,69.5,10
"2013","영등포구","계",381707,16821,15008.5,16167,20256,24041,30804,38027.5,33598,33651,28997,31574,27733,20407.5,16188,13262,8328,4125,1877,685.5,129.5,26.5
"2013","동작구","계",402763.5,17160.5,15709.5,17261.5,21952,27954,36222.5,41663.5,34897,34272.5,28322.5,31562.5,27937,20795.5,17242.5,14050,8427,4385.5,2004,789,137,18
"2013","관악구","계",512922.5,19116,17223,19449.5,24967.5,37081.5,57078.5,60617.5,45304,42575,34627,37793.5,34101,26765,21993.5,17489,9268.5,4505,2039,753.5,150,25
"2013","서초구","계",431841,19623.5,20209,24676,28379,28107,32336.5,40435,37065.5,42145.5,34655,32539,28968.5,20955.5,16450,11377,6754,3899,2182,842,205.5,36.5
"2013","강남구","계",553927,21019,20948,30207,42005,39035,44919,54845,44411,50468.5,48740.5,44146,36897.5,26041,19880,13522,7980.5,4810,2705.5,1076,233.5,37
"2013","송파구","계",662392.5,29103,29173,36464,43880.5,45401.5,51914,63485,54920,60500.5,53538,55420.5,47770,32247.5,22746,16089,9770.5,5655,2981,1074.5,228.5,30.5
"2013","강동구","계",479183.5,20726,19747.5,24226,31539,33521,36074,44626,37881.5,41065,38924.5,43596.5,37162,24834.5,17498.5,12365,7484,4488,2361,871.5,162.5,29.5
"2014","서울특별시","계",9970992.5,406364,394256,468166,597427,691689,758264.5,917302,802232,890691.5,809688,820437.5,741504.5,519068,418589,334235,211763.5,111619.5,53535,19634,3889.5,637
"2014","종로구","계",153407,4499,5037.5,6883.5,9119,11277,11931,12018.5,10518.5,13648,13042,13244,11538.5,8175.5,7149.5,6654.5,4454.5,2420,1203.5,481,97,15
"2014","중구","계",125273,4673,4007,4290.5,5945,8391.5,9563.5,11433,9862.5,10774,9861,10799,10255,7217,6044.5,5332.5,3521.5,1930.5,950,338.5,76,7.5
"2014","용산구","계",229055,9168.5,8590,9504,11815,14330,16918.5,21852.5,18956,21377.5,18447,18415,16601.5,11639,10003,9103,6527.5,3425,1658.5,583,119.5,21
"2014","성동구","계",292786.5,12388,11351,12266.5,15649,20444.5,22802,27646.5,24745,26752,23453,24389,21526.5,14617.5,12094.5,10410.5,6670,3365.5,1519.5,558,120,18
"2014","광진구","계",361146.5,13637.5,13086,16138,21792,27098,32454,36184.5,28733,31668,29799,30075.5,26088.5,17332.5,13688.5,10730.5,6807,3402,1650.5,626,134,21.5
"2014","동대문구","계",357538,13746.5,13119.5,14822,19042,25841.5,28038,31824.5,28027.5,30575.5,27559.5,29173,27662,19898.5,16924,14604,9208,4556.5,2021,732,139.5,23
"2014","중랑구","계",412023,15939,14572,17273.5,24066,29139.5,30382.5,36681,30795.5,34783.5,34790.5,37560.5,33722.5,23004,18310,14624,8897.5,4466,2092.5,743,145.5,34.5
"2014","성북구","계",464356.5,19195,20058.5,21984,25946,32640.5,33895,39135,37234.5,43537,36923,36746,33847,23999,20575,17880.5,11382.5,5628,2603,935.5,181.5,30
"2014","강북구","계",331078,12375.5,11714,14294.5,18885.5,21714.5,21777.5,27510.5,25424.5,29187,26766.5,27847.5,25992.5,19388,17400.5,15002.5,8959,4195.5,1834,656,138,14.5
"2014","도봉구","계",352013.5,13220.5,13482,16964.5,22486,24976,23570,27440.5,24891.5,30531.5,29707,31596.5,29209.5,19305,15353.5,13138.5,8501,4555,2167.5,740.5,150,27
"2014","노원구","계",580904.5,22830.5,24804,34455,43275,42276,35778.5,44250,43105,54796.5,52061.5,49464,42112,27762,21142,18169.5,12495,7229,3404,1245.5,209.5,40
"2014","은평구","계",493515,20725.5,20315.5,23782,29291.5,32139,32608,43038,40017,45269,39420.5,40227.5,36860.5,26296,22510.5,19022,12088,5983.5,2723.5,986.5,180,31
"2014","서대문구","계",306297,11490.5,11017.5,13695,17700.5,22449.5,23596.5,25985.5,22856,27244.5,24678,24879,22330.5,15727.5,14007,12780.5,8791,4273,1933,711.5,130.5,20
"2014","마포구","계",377446.5,16057,15703.5,16874.5,19706,25336.5,31526.5,38615,34049.5,36154.5,28816,28078,24588.5,17180.5,15083.5,13213.5,8809,4669.5,2067.5,744.5,150,23
"2014","양천구","계",484474,17941.5,21359.5,30145.5,38289.5,34783.5,30405.5,36382,34520.5,45756.5,46492,43527.5,35370,23382.5,17004.5,12586.5,8297.5,4802,2390,847.5,160,30
"2014","강서구","계",570666.5,26058,23322,26479.5,33101.5,38848,42972,56602,48565,49092,43564.5,47214,44005,30363.5,22726,16461.5,10518.5,6292,3120,1110.5,211,40
"2014","구로구","계",421109.5,20982,17810,17941,22112.5,26434,30750.5,41752,37703.5,36648,31480.5,33541,32084.5,23705.5,18655.5,14049.5,8518.5,4234,1909.5,651.5,126.5,19.5
"2014","금천구","계",235687,8770,8098,9619.5,13497.5,16388.5,18182.5,21183,18037.5,20017,20330.5,21624,18793.5,13380.5,10472,8307,4936.5,2488.5,1088.5,380.5,81.5,10.5
"2014","영등포구","계",377432,16223.5,14369,15001,19267.5,24178,30451,37437.5,32217,32896.5,29060.5,30723.5,28643,20565.5,16704,13427,8884,4448,2015,749,145.5,26
"2014","동작구","계",403885.5,17019,15392.5,16505.5,21155.5,28663,35460.5,40939.5,34203,34388,29050,31209,29180,21168,18053.5,14442,9085,4769.5,2183.5,844.5,153,21
"2014","관악구","계",508137,18429,16519.5,18091,23969,37849,55343.5,58953,43538.5,42274,35240.5,36882.5,34997,26896,22814.5,18112.5,10257.5,4839.5,2154.5,797.5,156.5,22
"2014","서초구","계",439276.5,20569,21034,24370.5,28019,28300,31558,40466.5,37433,42834.5,36185,32547,29911.5,21522,17486.5,12113,7300,4123,2326,925.5,215,37.5
"2014","강남구","계",561070.5,21287.5,21485,29445,41260.5,39874,43867.5,54477,45193,50791.5,49979,44502,38213.5,26980.5,21324.5,14412.5,8625.5,5013,2894.5,1151,252.5,41
"2014","송파구","계",658553,28997,28713,34598.5,42060,45158.5,49803.5,62393.5,54214.5,59650,54218,54060.5,49213,33687,24267.5,16728.5,10338,5896,3120.5,1166,234.5,35
"2014","강동구","계",473861,20141.5,19295.5,22741.5,29976,33158.5,34628.5,43101,37390.5,40045,38763,42112,38758.5,25875,18794.5,12929,7891,4615,2505,929,182.5,28.5
"2015","서울특별시","계",9907155,398954,388946.5,435836,574956,698126.5,745118,872577.5,800102.5,862892,819580,797955,760822,549877.5,434168.5,338228.5,224632,121159.5,57813.5,20458.5,4253.5,697.5
"2015","종로구","계",150750.5,4397.5,4881.5,6233.5,8752.5,11339.5,11769,11418.5,10250,12850.5,12943,12830.5,11713.5,8565,7174.5,6511.5,4647,2593.5,1264.5,481.5,115,18.5
"2015","중구","계",122799.5,4437.5,3867.5,3860,5554.5,8349.5,9316.5,10845,9669.5,10174.5,9839.5,10342.5,10435,7527.5,6124,5269,3661,2056,1019.5,364.5,78.5,8
"2015","용산구","계",225431,8876,8238.5,8810.5,11359,14462,16598.5,20514.5,18541,20277.5,18733.5,17937,16907,12202,10120.5,8903.5,6695,3688.5,1785.5,625,132.5,23.5
"2015","성동구","계",291572,12405,11029.5,11294,15085,20727.5,22579,26313.5,24647,25807.5,23767.5,23985,22390,15507.5,12444,10396.5,7090,3703.5,1656.5,597.5,126,20
"2015","광진구","계",356671,13294.5,12807,14748,20763.5,27253,31682,34657,28578,30348.5,29879,28994,26794,18511,14044,10830,7209,3706,1772,627,152,21.5
"2015","동대문구","계",355274,13494.5,12897.5,13701.5,18359.5,26422.5,27640.5,30124.5,27856,29574.5,27856,28238.5,28273.5,21058.5,17202.5,14618,9792.5,5026.5,2194.5,757,160.5,25
"2015","중랑구","계",410609.5,15946,14367,15741,22807.5,29347,29735.5,35103.5,31288,33350,34707,36624.5,35117.5,24682,19135.5,14940.5,9526,4935,2285,773,159.5,38.5
"2015","성북구","계",455617.5,18266.5,19480.5,20583.5,25154,32753,32682.5,36225.5,35821,41895,37520.5,35409,34324.5,25039,20702.5,17672,11955.5,6156.5,2809.5,936,202,29
"2015","강북구","계",327184,11689.5,11426,13118.5,18040.5,22189.5,21061.5,25489.5,24749.5,28005.5,27065.5,27130.5,26767.5,20318,17765,15192,9678.5,4615,2036.5,678.5,148.5,18.5
"2015","도봉구","계",348310,12873,13133,15515.5,21434.5,24893,22931.5,25914,24720,29059.5,29808,30421,30102,20878.5,15979,13221,9109,4971,2361.5,802,151.5,31.5
"2015","노원구","계",572940.5,22111,23921,31765.5,41827.5,42495.5,35022.5,41369,42083.5,52172,52632,47935.5,43423.5,29764,22236,18124.5,13078.5,7723.5,3681.5,1296,235.5,42.5
"2015","은평구","계",490515.5,19852,19935.5,21982.5,28529,32571,32102.5,40506.5,39704.5,44020.5,40284,39128.5,38038.5,27764.5,23232.5,19163,12966,6528,2960,1031,186,29.5
"2015","서대문구","계",305199,11354.5,10863,12772,16967,23071,23453,24685.5,22681.5,26272,25184.5,24382.5,23007.5,16508,14254,12601,9363.5,4730.5,2131.5,755,140.5,21
"2015","마포구","계",379968,16037.5,15541.5,15974,19341.5,26196,31577,38166,34088.5,35631,29901.5,27837,25574.5,18121,15149.5,13168.5,9282,5120.5,2280,790.5,161,29
"2015","양천구","계",480432.5,17764,21104.5,28055.5,36755.5,35148,29841.5,34833.5,34288,43757,46481,42515,36537,25116,18021.5,12818,8697.5,5032.5,2578,890,164,34.5
"2015","강서구","계",580630.5,26841.5,23492.5,25168,32166.5,39695,43447,55778.5,50387.5,49382,44543.5,46123,46065,32932,24622,17077.5,11235,6773.5,3421,1191,247.5,41
"2015","구로구","계",419625,20496.5,17788,16825,21277,26896.5,29960.5,39355,37551,36158.5,31936.5,32565.5,32915.5,24916,19693,14476.5,9180.5,4675.5,2119,675,140.5,23.5
"2015","금천구","계",233406,8598.5,7843.5,8828.5,12659.5,16466.5,17981.5,20124.5,17752.5,19142,20078,21045,19589.5,14194.5,10956.5,8481.5,5274,2718,1176.5,394,91,10.5
"2015","영등포구","계",373359,15812.5,13891,13786,18268,24350.5,30188.5,36280,31807,31715.5,29044.5,29644.5,29125,21379.5,17314,13422.5,9284.5,4924.5,2148.5,791.5,158.5,22.5
"2015","동작구","계",398747,16548.5,15117.5,15458.5,20046,29004.5,34397,38333,33798.5,33400,29549.5,30098,29707.5,22047.5,18530.5,14518.5,9594.5,5171.5,2365.5,855,180.5,25
"2015","관악구","계",503853,17850,15869.5,16691,22975,38591.5,55158,55864,42983,41163,35734.5,35784,35562.5,27900.5,23526.5,18444,11145.5,5277.5,2353,789.5,165.5,25
"2015","서초구","계",441511.5,20618,21627.5,23520.5,27647.5,28469.5,30971.5,38755.5,38076,42210.5,37814.5,32286,30280.5,22545,18118,12618.5,7770,4466,2461.5,984,225.5,45.5
"2015","강남구","계",567007.5,21787,22426.5,28474.5,40475.5,40060.5,43343,52688.5,47128,50433,51404.5,44450,38742.5,28640.5,22469,15212,9304,5373.5,3053,1218.5,278,45.5
"2015","송파구","계",654241.5,28494.5,28582.5,32162,40555.5,45009.5,48620.5,59484,54747.5,57888,54761.5,52526.5,50295.5,36190,25646.5,17297.5,10863,6342,3261,1224.5,248.5,41
"2015","강동구","계",461499.5,19108,18814.5,20766.5,28154.5,32364.5,33057.5,39748.5,36905.5,38204,38110.5,39721.5,39133,27569.5,19707.5,13251,8230,4851,2638.5,931,205,27.5
"2016","서울특별시","계",9811038.5,385053,386403.5,405306,550275.5,692438.5,742129.5,822248,803742.5,820610,835665,767411,772447,589943,439027.5,340549,237554.5,132134.5,61404.5,21243.5,4713.5,739
"2016","종로구","계",148331.5,4302,4830,5650,8293.5,11315,11742,10843.5,10128.5,11790.5,13128,12309.5,11863.5,9188.5,7027.5,6336.5,4833.5,2809.5,1309.5,482.5,127.5,20.5
"2016","중구","계",121151.5,4266.5,3867,3491,5240,8202,9326.5,10388.5,9770,9542,9950,9781,10504,8020.5,6106,5123.5,3791.5,2227,1087.5,379,78.5,9.5
"2016","용산구","계",221883,8527,8071,8191.5,10893,14321.5,16574.5,19209.5,18532,18978,19128.5,17220,16991,13054,10017,8591.5,6856,3984.5,1902,676,140,24.5
"2016","성동구","계",292890.5,12494,11051,10508,14513.5,20767.5,22895,25559,25223.5,24648.5,24473.5,23450,23228.5,16872,12599.5,10403.5,7542.5,4102.5,1792.5,608.5,136,21.5
"2016","광진구","계",353271.5,12902,12664.5,13621.5,19607.5,27297,31614.5,33013.5,28865,28776,30165,27889.5,27403.5,19965.5,14122.5,10945,7646,4075.5,1886,620.5,164,27
"2016","동대문구","계",350689.5,12872,12679,12594.5,17609,26337.5,27533,28075,27710,28013.5,28291.5,27022.5,28585.5,22462,17177,14545.5,10352.5,5506.5,2352,760,185,26
"2016","중랑구","계",406546.5,15399.5,14159.5,14415.5,21465,28910.5,29434.5,32958,31900.5,31351.5,34686.5,35211,36174,26813.5,19550,15095,10158.5,5414.5,2430,804,177.5,37.5
"2016","성북구","계",447099,17285,19052.5,19342.5,24425,32469.5,31972,33332.5,34985.5,39397,38584.5,33945,34484.5,26564.5,20381.5,17325,12543.5,6787.5,3004.5,970,217,30
"2016","강북구","계",323126.5,10899.5,11231,12016.5,17155.5,22154,20964,23434.5,24486,26293,27550.5,26199,27404,21710,17820.5,15118,10406.5,5185.5,2194,715,165,24.5
"2016","도봉구","계",345443.5,12404.5,13067.5,14152.5,20440.5,24492,22694,24333,24938,27340,30188,29096,30797,22935,16422,13334,9738.5,5476.5,2540.5,854,168,32
"2016","노원구","계",565244.5,21330.5,23385.5,29095,40410,42417.5,34746,38560.5,41637.5,48816.5,53559.5,46159,44197.5,32404,22893.5,18070.5,13749.5,8242,3912,1335,284.5,38.5
"2016","은평구","계",486578.5,18857.5,19685,20429,27570,32447,32130.5,37507,39839,41985.5,41503.5,37797.5,38891.5,29782,23402.5,19185,13827.5,7252.5,3191,1066.5,200.5,28
"2016","서대문구","계",306663,11431,11010,12044.5,16437,23329.5,23763.5,23747.5,23273.5,25007.5,26217,23868,23678.5,17824.5,14220,12468,9747,5349.5,2288,781.5,158.5,18.5
"2016","마포구","계",376341.5,15782,15295.5,14940.5,18649,26227,31415,36588.5,34015,34062,31052,26870.5,26030,19199.5,14807,12857,9607.5,5493,2432,804,181,33.5
"2016","양천구","계",475845.5,17461,21214.5,26317,35102.5,34679,29688.5,33023.5,34617.5,41398.5,46893,40995,37240.5,27138.5,18675,13069,9113,5366,2715.5,913,190.5,34.5
"2016","강서구","계",585425,26737,23760,23577,31010.5,39675.5,44552.5,54143.5,52199,48509.5,45722.5,44334.5,47370.5,35978,25621,17681,12018,7261.5,3678,1270,282.5,43
"2016","구로구","계",415281.5,19458,17747,15703.5,20430.5,26752,29614.5,36428.5,37205.5,34842.5,32633.5,31338.5,33407,26550.5,20207,14811,9824.5,5177.5,2260.5,708.5,157.5,23.5
"2016","금천구","계",231819,8419,7702.5,8127.5,11886,16222.5,18093,19112.5,17704.5,18066,19981,20522,20329.5,15258.5,11303.5,8662.5,5656,2986,1271.5,405.5,97.5,12
"2016","영등포구","계",367014,15381.5,13553.5,12690.5,17232.5,23772.5,30175,34793,31715.5,29963,29213.5,28064.5,29188,22393,17354,13334.5,9503,5447,2240,804.5,178,17
"2016","동작구","계",395233.5,15974,15068.5,14461.5,19181,29050,34061.5,36107.5,33834,32111,30486,28813.5,30084,23422.5,18545.5,14590.5,10162.5,5649,2524,877.5,203,26.5
"2016","관악구","계",500389.5,16950,15431.5,15504,21840.5,39146,56161.5,52764.5,42961.5,39274,36627,34503,36050,29373,23792,18530,12103,5792,2544.5,838.5,173,30
"2016","서초구","계",439368.5,19691.5,22073,22610,26928.5,28115,30702,36400,38449,40813.5,39593,31508,30262,23989.5,18141,13143.5,8310.5,4796.5,2537,1017,238,50
"2016","강남구","계",560257,20984.5,23035.5,27129.5,38918.5,39021.5,42383.5,49005,47768,48553.5,52773,42971,38330,30519,22494,15851.5,10000.5,5756.5,3125.5,1274,312.5,50
"2016","송파구","계",650062,27620.5,28560,29882,38848,44411,48165,56837,55774,55428.5,55718,50740.5,51151,39205,26379,17927.5,11464,6883,3440,1303.5,276,48.5
"2016","강동구","계",445082.5,17623,18208.5,18811,26188.5,30906,31727.5,36082.5,36210,35648.5,37546.5,36802,38801.5,29320,19969,13550,8599,5113,2746.5,975,222,32.5
"2017","서울특별시","계",9724400.5,363251.5,380731.5,391825.5,518232,677754.5,756265,773662.5,807972,780991,848758.5,745084.5,776782,619336.5,443556.5,344436,258889.5,142927.5,65329,22592.5,5247,775.5
"2017","종로구","계",148098.5,4181,4824,5400.5,7764,11336,12021.5,10491.5,10292,10967.5,13360.5,12120,12184,9652,6979,6187.5,5251.5,3027,1401,501.5,132,24.5
"2017","중구","계",121058,4187,3819.5,3364.5,4883,8027.5,9703.5,10020,10026.5,9069,10140,9530,10521,8492.5,6132,5019,4098.5,2366.5,1152.5,408,83.5,14
"2017","용산구","계",219546.5,7904.5,7860,7848.5,10318,13943,17202,18425.5,18759.5,17698,19511.5,16679,17043.5,13757,9877.5,8300.5,7189,4300,2022.5,717.5,164.5,25
"2017","성동구","계",296598.5,12467,11037.5,10250,13793,20791,23988,25093,26295,23828.5,25242.5,23044.5,23971.5,18125.5,12722.5,10482.5,8191.5,4552,1927.5,616,155.5,24
"2017","광진구","계",351919,12284,12417,13241.5,18212,27122.5,32533,31491.5,29376.5,27462.5,30362.5,27237.5,27890.5,21081,14362.5,11155.5,8352,4454,2015.5,659,179,29.5
"2017","동대문구","계",345931.5,12004.5,12353.5,12043.5,16495.5,25846.5,27873.5,26044.5,27548,26461.5,28630.5,26181,28573,23435,17207,14444,11249,5979.5,2516,816.5,201.5,27.5
"2017","중랑구","계",403696.5,14554.5,14008,13786,19786.5,27985.5,30101.5,31149,32367.5,29659,34623.5,34032,36955,28516.5,19952,15309,11297,5917,2599.5,860,203,34.5
"2017","성북구","계",439323,16018.5,18473,18783.5,23448.5,31791,31858,30671.5,34370,36754.5,39616.5,33057,34210.5,27612.5,20176.5,17030.5,13604.5,7336.5,3205.5,1038.5,234,32
"2017","강북구","계",319965,10056.5,10972,11421.5,16022.5,21738.5,21688,21577.5,24231.5,24689,28016,25465.5,27782.5,22743,17831.5,15001,11556,5814,2363,781,187,27.5
"2017","도봉구","계",341842,11591,12702,13461,19063,23860,22937,22551.5,24902,25705,30277.5,28174.5,31066,24593,16927,13445.5,10734,5929.5,2768.5,926.5,193,34.5
"2017","노원구","계",555097.5,19959,22645,27527.5,38171.5,41834.5,34890.5,35435,40919,45399.5,53835,44755,44297.5,34285,23469,18123,14864.5,8783,4142.5,1391.5,331,39
"2017","은평구","계",480967,17434,19101.5,19726,26021,31785,32794,34467,39509.5,39814,42498,36844.5,39181,31350,23373.5,19178.5,15049.5,8015.5,3415.5,1149,232,28
"2017","서대문구","계",306765,11076,11027.5,11637,15688,23098.5,24439,22616.5,23624,23744,26903,23632.5,24211.5,18892,14081,12335,10399.5,5881.5,2449.5,834,173,22
"2017","마포구","계",369595.5,15009,14778.5,14476.5,17542.5,25625.5,31672,34283.5,33749.5,32200.5,31931.5,25991.5,25878,19843.5,14488,12481.5,10146.5,5846,2594.5,809.5,212.5,35
"2017","양천구","계",468983.5,16577,20977.5,25432,32976.5,33451,29824,30694.5,34777.5,39044.5,46961.5,39684,37637,28523,19299.5,13466,9792.5,5775.5,2873.5,961.5,222.5,32.5
"2017","강서구","계",591554,25864,24051.5,22960,29492.5,39083,47054.5,52650.5,54330,47674,47154.5,42867.5,48125.5,38445.5,26523,18611.5,13288,7708.5,3930.5,1379,314.5,46
"2017","구로구","계",409495,17826.5,17401,15198,19321.5,26019.5,29708.5,33293,36674,33516,33225.5,30377.5,33499,27795.5,20454,15269,10857,5696,2385,782.5,174.5,21.5
"2017","금천구","계",231214,8045.5,7635.5,7732,11040,15830,18612,18388,17933,17130.5,19841,20015,20993.5,16113.5,11607,8789,6352.5,3217,1393.5,421,110,14.5
"2017","영등포구","계",361910.5,14692,13171,12131,16102,22968,30784.5,33303,31850,28435.5,29383,26947,29005.5,23130,17247.5,13275.5,10124.5,5909.5,2402.5,829,202,17.5
"2017","동작구","계",392903.5,15114.5,14878.5,14040,18236,28706,34725,34086,33857,30936,31234.5,27960,30310,24486,18504.5,14709,11090,6144.5,2709.5,929,220,27.5
"2017","관악구","계",497056.5,15605.5,14945,14792.5,20408,39313.5,58586.5,49855.5,42975.5,37212.5,37336,33396.5,36193.5,30198,23877.5,18619.5,13507.5,6378,2710,915,194.5,36
"2017","서초구","계",435952,18183.5,22203.5,22480,25829.5,27356.5,30912.5,33958,38256,39545.5,40992.5,31134,30045.5,25021.5,18120,13762.5,9076,5110.5,2612,1072.5,239.5,40.5
"2017","강남구","계",549396,19230,23083.5,26851.5,36658,37605.5,41778,44780,47372,46658.5,53538,41866.5,37510,31491,22503,16579.5,10863.5,6064.5,3230.5,1340.5,341,51
"2017","송파구","계",651722.5,26860.5,28602.5,29183,36831,43545,49193.5,55049,57589.5,53510,56990,49610,51546.5,41489.5,27476,18875.5,12539.5,7363,3682.5,1421.5,313.5,51
"2017","강동구","계",433809.5,16526,17763,18058,24128,29091.5,31384.5,33287.5,36387,33875.5,37153.5,34482,38150.5,30264.5,20365.5,13986,9415.5,5358.5,2826,1032.5,233.5,40.5
"2018","서울특별시","계",9642857,337202,371313.5,384218,486575.5,662001,775678,737480,808602.5,743259,843981,743730.5,767415.5,642225,453065.5,354695,276788,154066.5,69438.5,24424.5,5895.5,802
"2018","종로구","계",148325.5,3989,4792.5,5334.5,7259.5,11233,12375,10345.5,10546,10335.5,13241.5,12230.5,12330,10047,7102,6152,5571.5,3234,1493.5,546.5,142,24.5
"2018","중구","계",121382,4012,3732.5,3302,4532,7855,10142,9903.5,10333.5,8695,9999.5,9592.5,10463.5,8921,6220,5068.5,4344,2498.5,1218,440,90,19
"2018","용산구","계",219034,7341.5,7607.5,7609.5,9738,13735.5,18043.5,18177.5,19130,16672.5,19459,16741.5,17141,14317.5,9924.5,8246,7407.5,4609,2149,755,198.5,30
"2018","성동구","계",300991.5,12285,10959.5,10183.5,13098,20960.5,25159.5,24961.5,27359,23089.5,25564.5,23389,24289.5,19350,13078,10646,8711,4960.5,2076,671.5,175,24.5
"2018","광진구","계",351215,11500,12180,12999,16944.5,26786.5,33787.5,30405.5,29816,26234.5,30035.5,27343,27826,22149,14796.5,11512,8911,4888.5,2157.5,724,188,30.5
"2018","동대문구","계",342485,11291.5,11977.5,11705,15392,25588,28230.5,24681,27651,25131,28339.5,26094,27995.5,24197,17386.5,14506,11975,6482.5,2701,906.5,224,30
"2018","중랑구","계",399875.5,13428.5,13708.5,13313.5,18157.5,26748.5,30812.5,29727,32460,28109.5,33796.5,33787,36833,29935,20513.5,15860,12276,6463.5,2747.5,935,232,31
"2018","성북구","계",432108.5,14703.5,17725.5,18346.5,22411,31199.5,32067.5,28661,33817.5,34061,39633,33218.5,33476.5,28331.5,20356,16978,14382.5,7920.5,3378,1144,264.5,32.5
"2018","강북구","계",316094,9099,10576,10962.5,14947,21281.5,22361,20083.5,23753,23106,27735,25454,27578.5,23553.5,17835.5,15202,12541,6401.5,2538.5,841.5,215,28.5
"2018","도봉구","계",337404,10652.5,12180,12962,17578,23041.5,23201.5,21086,24666.5,24011.5,29680,28110,30627,25980.5,17470.5,13854.5,11605.5,6387,3016,1029,227,37.5
"2018","노원구","계",543267.5,18055.5,21592.5,26437.5,35586,40943.5,35181.5,32601.5,39800,42101,52809,44533.5,43685,35720,24318,18563,15681.5,9352.5,4418,1480,368,40
"2018","은평구","계",476894.5,16066,18327.5,19147.5,24592,31021,33772,32639,39175,37528.5,42663,37058,38882,32708,23637,19605.5,16093.5,8800.5,3623.5,1255.5,270,29.5
"2018","서대문구","계",304796.5,10454,11007.5,11259.5,14802.5,22721,25106,21581.5,23695,22570.5,26579.5,23776,24062,19721.5,14132,12321,10900.5,6333.5,2646,903.5,194,29.5
"2018","마포구","계",367176.5,14129,14198.5,14382,16699.5,25303.5,32834,32691,33817.5,30607,32346,26188,25677.5,20528,14509,12455.5,10642,6255.5,2785,859,233,36
"2018","양천구","계",462235,15317.5,20434.5,25095,30927,32192,30007,28500,34712.5,37131,46102.5,39417.5,37372,29678.5,20146.5,14226,10431,6169,3047,1035,263,30.5
"2018","강서구","계",592308.5,24042.5,23866,22606.5,27825,37893,49163.5,51195.5,55468.5,46357.5,47686,42438,47555,40202,27610.5,19862.5,14318,8188.5,4137.5,1506,342.5,44
"2018","구로구","계",402970.5,15942.5,16766.5,14970,18176.5,25088.5,29999.5,30767,35795.5,31836.5,33216.5,30228.5,32942.5,28682,20897.5,15956.5,11766.5,6290.5,2571.5,850.5,205.5,20
"2018","금천구","계",230452.5,7554.5,7480,7389.5,10127,15434.5,19555.5,17877,18152,16158.5,19371,19772.5,21180,16839.5,11932,9057.5,6963.5,3472,1517.5,477,125.5,16
"2018","영등포구","계",360631,13962.5,12825.5,11750,14990.5,22470,32096,32831,32358,27124,29213.5,26834.5,28455.5,23886,17359.5,13571,10816,6322,2636.5,890.5,216.5,22
"2018","동작구","계",390521.5,14002,14541,13739,17254,28466.5,35727.5,32379,33657,29649.5,31336,27971,29961,25455,18637,15107,11859,6612.5,2879.5,1012.5,246,29.5
"2018","관악구","계",494637.5,14108,14199.5,14209.5,19096,39581,61974.5,48149,42657.5,35066,37259.5,33108,35718,30713.5,23908.5,19075,14606,7075.5,2891.5,975.5,225,40.5
"2018","서초구","계",429232,16538,21859.5,22594,24614,26458.5,30820,31700,37626.5,37888.5,41313,31471,29146,25389.5,18277.5,14343,9651.5,5449,2656.5,1138,266.5,31.5
"2018","강남구","계",537081.5,17332.5,22869.5,27143,34348,35796,41097.5,41325,46521,45155.5,53003,41559,36116,31432.5,22799,17451.5,11553.5,6418,3342,1403,365.5,50.5
"2018","송파구","계",656198,25933.5,28566.5,29018.5,35126,42757,50973,53940.5,59264,52057,57185.5,49902,51280.5,43444.5,29164.5,20279,13589.5,7809.5,3944.5,1541.5,368.5,52.5
"2018","강동구","계",425539,15461.5,17339.5,17758.5,22354,27445.5,31190,31271,36370,32582,36413,33513,36822,31042.5,21054,14796,10191,5672.5,2867,1104,250,42
"2019","서울특별시","계",9578974.5,312470,363167.5,374188,459374.5,645905,796730.5,721278,790734,717153,827942.5,752927.5,752147,668847.5,466086,370201.5,284616.5,166758,74381,26780,6436,850.5
"2019","종로구","계",146603,3704.5,4683.5,5204,6776,10940,12502.5,10107.5,10274,9789.5,12824,12220.5,12308,10439.5,7243.5,6189,5551.5,3475.5,1602.5,592,152.5,23
"2019","중구","계",121678,3788,3685.5,3189,4236,7704.5,10490.5,10011.5,10382.5,8454,9627,9724,10350.5,9305,6438.5,5240,4421.5,2709,1301,495.5,105.5,19
"2019","용산구","계",218821,6974.5,7389.5,7335,9227,13592,18622.5,18215,19156,16094.5,18982.5,17178.5,17054.5,14920.5,10106.5,8340,7368.5,4905.5,2278,823,223,34.5
"2019","성동구","계",299044,11652,10866.5,9828.5,12249.5,20639,25514,24612.5,26997.5,22278,24928,23670.5,23941,20261.5,13431,10831,8861.5,5272.5,2256.5,753.5,175.5,24
"2019","광진구","계",348116.5,10494,11908,12543.5,15761,26298,34890,29648,29070,25197,29163.5,27561.5,27225.5,23290,15275.5,11921,9157,5366,2316,801.5,192,37.5
"2019","동대문구","계",340267.5,10771,11708.5,11340,14420.5,25439,28807,24213.5,27312,24321.5,27551,26310,27145,25010.5,17758.5,14774.5,12185,6966,2973.5,976.5,252.5,31.5
"2019","중랑구","계",394293.5,12283,13199,12758,16702,25273.5,31267,28743,31500,26952.5,32364,33840.5,36062.5,31420,21267.5,16586,12714.5,7080,2958.5,1040,251,31
"2019","성북구","계",431427,13836.5,17289.5,17756,21682,31436.5,33043.5,28066.5,33238.5,32280,39288.5,34267,33047,29557,20792.5,17332.5,14613.5,8672.5,3621,1285,287,34.5
"2019","강북구","계",310925.5,8129.5,10029.5,10476,13869,20614.5,22699.5,19107,22596,21766,26974.5,25744.5,26923,24446,17991.5,15629,12951.5,7073.5,2714.5,929,234,27.5
"2019","도봉구","계",332026,9684,11715,12279.5,16319,21945,23254.5,20101.5,23899,22629,28667.5,28280.5,29761.5,27317.5,18149.5,14455.5,11935.5,6982.5,3224.5,1127,257.5,40.5
"2019","노원구","계",532511.5,16201.5,20714.5,25203,33256,39720,35339.5,30892.5,37839,39552,51145,45164.5,42687,37310.5,25297,19486,15933,9973.5,4751,1608.5,398.5,39
"2019","은평구","계",473512,14900.5,17611.5,18415.5,23239.5,30109.5,35048.5,31850.5,38237.5,35686,42074,37742.5,38143,34193,24226.5,20307.5,16477,9658,3889.5,1368.5,300.5,33
"2019","서대문구","계",303057,9797,10961,10898,14043,22372,25798,21182,23355,21655,25893.5,24106,23698,20582,14357.5,12465.5,10904,6887.5,2855.5,988.5,222,36
"2019","마포구","계",366806.5,13311,13777.5,14068.5,16058,25249,34208.5,32044,33495.5,29474.5,32300.5,26946,25411.5,21424,14666.5,12625,10796,6694,3008.5,976.5,233.5,38
"2019","양천구","계",455764.5,13900,20039,24632,29037,30838.5,30251,27098,33597,35861.5,44818.5,39612,36731.5,31070.5,21083.5,15194.5,10809.5,6534,3218,1125.5,279.5,33.5
"2019","강서구","계",587369,21819,23471.5,21933,26359,36190,50686,50020.5,54107.5,45101,47346.5,42474.5,45954,41996.5,28682,21233.5,14784.5,8791,4345.5,1654,375,44.5
"2019","구로구","계",400902,14704,16216.5,14729,17259.5,24339,30797,29938.5,34671,30732.5,33004.5,30643.5,32254,29769,21662,16903.5,12272,6957.5,2851.5,945.5,233.5,18.5
"2019","금천구","계",229269.5,6972.5,7204.5,6998,9290.5,14966,20743.5,17709,17853,15388,18627.5,19657,20932,17742,12335,9500,7201,3818,1646.5,534.5,132.5,18.5
"2019","영등포구","계",360221,13240.5,12590,11336,14028,21871.5,33868,33113,32319.5,26235,28583,26911,27792,24784,17558,14058,11026.5,6770,2907.5,970.5,234,25
"2019","동작구","계",390350,12979.5,14237,13388,16465.5,28275.5,37231,31834.5,32718.5,28817.5,31105.5,28523,29486.5,26532.5,19054,15772.5,12189,7165,3135,1131.5,274.5,34
"2019","관악구","계",493055,12567,13525.5,13564,17923.5,39732.5,65595,47852,41156.5,33410,36732,33412.5,34741,31588.5,23974.5,19754,15153.5,7905,3122.5,1055.5,247.5,42.5
"2019","서초구","계",423950,15268,21415.5,22450.5,23761.5,25707,30571.5,30604.5,36329,36565.5,41022.5,32202.5,28508,25912.5,18504.5,14987.5,10038,5803,2751.5,1212,303,32
"2019","강남구","계",531575,15872.5,22971,27600.5,32681.5,34269,40924.5,39747.5,45152.5,44789,52368.5,41950,35349,31711,23180.5,18569.5,12174,6861.5,3461,1500,386.5,55.5
"2019","송파구","계",662019.5,24925,28711.5,28687.5,33587,41904.5,52835.5,53883,59465.5,51837,56653.5,51078.5,50851.5,45631.5,30962,21935,14377,8340,4222.5,1671.5,404.5,55.5
"2019","강동구","계",425410,14695,17246.5,17575,21143,26479,31742,30682.5,36011.5,32286.5,35897,33706.5,35789.5,32632.5,22088,16111,10721.5,6097,2969,1214.5,280.5,42
"2020","서울특별시","계",9533412,285507,356875.5,369850.5,427350,631877.5,816546,719526,756788,714459,801398.5,762279.5,732788,689251,496050,385833.5,289716.5,178205.5,81871.5,29509.5,6768.5,960.5
"2020","종로구","계",144865.5,3309,4548.5,5120,6181.5,10602,12667.5,9995,9795.5,9649.5,12221,12286.5,12160,10734.5,7636.5,6244.5,5449.5,3682,1748.5,639,169,26
"2020","중구","계",121519.5,3482.5,3611,3092.5,3869,7605,10768,10031,10051,8464.5,9184,9864,10108,9512,6871.5,5474.5,4501,2904,1428.5,557.5,124,16
"2020","용산구","계",219403.5,6548,7215.5,7168,8648,13540,19187,18518.5,18787.5,16188,18255,17807.5,16916,15451.5,10694,8500,7238,5101.5,2464,904,238,33.5
"2020","성동구","계",291841,10620,10584.5,9309.5,11202.5,19866,25368,23850.5,25563,21810,23377.5,23434,23143,20781.5,14024.5,11034,8844.5,5546.5,2455,821,178,27.5
"2020","광진구","계",343783,9107,11488,12259,14399,26069.5,35974.5,29172,27354.5,24710,27864,27567.5,26347.5,24044,16400.5,12293.5,9298.5,5780.5,2530,876,207,40.5
"2020","동대문구","계",337801,9989.5,11437,11100,13225,25595,29694,24183.5,26077.5,24009.5,26402.5,26376,26082,25501.5,18788.5,15061.5,12222,7391,3317.5,1045.5,263,39
"2020","중랑구","계",390233,11146.5,12723,12421,15134.5,23983.5,31889.5,28443,29817.5,26967.5,30630.5,33612.5,35135,32693.5,22863,17331,13001.5,7671.5,3326,1151,256,35.5
"2020","성북구","계",432206,12936.5,16941.5,17406,20578.5,32047,34141.5,28190.5,32089.5,31746,38195.5,35425,32449.5,30547.5,21965.5,17793,14645,9286,4040,1443.5,302,36.5
"2020","강북구","계",305511.5,7143.5,9409,10145,12601.5,19881.5,22976,18574.5,20838,21075,25765,25879,26041.5,25090.5,18881.5,16001.5,13170.5,7678,3051,1037,246,26
"2020","도봉구","계",325050,8515.5,11181.5,11792.5,14777,20810.5,23065.5,19395.5,22359.5,21936,27130.5,28235.5,28557.5,28136,19603,14988,12009.5,7531,3487,1231,264.5,43
"2020","노원구","계",522235,14382.5,20055,24379,30486,38164,35322.5,30142.5,35290,38353.5,48708,45803.5,41256.5,38305.5,27038.5,20473,16055,10549,5194,1813,414,50
"2020","은평구","계",471906,13566.5,17095.5,18061,21492.5,29567.5,36466,31944,36498.5,35222.5,40886,38488,37115.5,35505.5,25714.5,21021.5,16630,10437,4345.5,1487,323.5,38
"2020","서대문구","계",304074,9252,10997,10819,13182,22331.5,26806.5,21463,22907.5,21606,25117,24571,23311.5,21261.5,15103.5,12689.5,10763,7322.5,3186.5,1095.5,245.5,42.5
"2020","마포구","계",365392,12165,13517,13758.5,15098,25345,35312.5,31845,32513.5,28960.5,31587,27641.5,24954.5,22042,15390.5,12715.5,10765.5,7061.5,3318,1125,234.5,41.5
"2020","양천구","계",450971,12535,19785,24548.5,27028,29494.5,30526,26408,31828,35688.5,43225.5,39754.5,35972,32177.5,22822,16254,11087,6874.5,3416,1229,282,35.5
"2020","강서구","계",579138,19060,22673.5,21346.5,24563.5,34599,52156.5,49505,50801.5,44750,46066,42346,43686.5,43128,30562,22459,15114.5,9362.5,4675.5,1829.5,404,49
"2020","구로구","계",400914.5,13629,15694,14637.5,16137.5,23651.5,31640,30310,33112,30634.5,32339.5,31060,31480.5,30782.5,23042.5,17936,12725,7526,3230,1075,246,25.5
"2020","금천구","계",228342,6195,6926.5,6742,8430.5,14499,21987.5,18120,17092.5,15131.5,17704.5,19348,20449,18589.5,13044.5,9964,7353.5,4158,1848.5,597.5,137.5,23
"2020","영등포구","계",366258,12830,12781.5,11277,13174.5,21671.5,35861.5,34426.5,32554,26836.5,28001,27413.5,27447.5,25687,18600.5,14712.5,11147.5,7187.5,3297,1063,259,29
"2020","동작구","계",387858.5,11700,13855,13156.5,15381,27760.5,38372,31712.5,30938.5,28503.5,30269.5,28908,28632.5,27164,20038,16374.5,12343,7675.5,3489.5,1251,291.5,42
"2020","관악구","계",489798.5,10833,12872.5,12957.5,16558,39275,68411,48260,38692,32750,35438,33593.5,33476.5,32261,24836.5,20391.5,15530,8699,3479,1187.5,252.5,44.5
"2020","서초구","계",419614,13902.5,20972,22642,22784.5,25155,30068,29876,34206.5,36312.5,40042.5,33256,28018,26175.5,19405.5,15555.5,10482,6104,3015,1292,310.5,38.5
"2020","강남구","계",530126,14474,23152,28455,30921.5,33298.5,40650.5,39138,42965,45597,51533.5,42991,34960,31982.5,24546.5,19537,12852,7317,3692.5,1596.5,402.5,63.5
"2020","송파구","계",662838,23246.5,28881,28805.5,31359.5,40725.5,53697.5,53717.5,57775,52945,55289.5,51854.5,49668.5,47011.5,33619.5,23486,15071.5,8795,4591,1819.5,415.5,63
"2020","강동구","계",441732.5,14938,18478.5,18451.5,20136.5,26339.5,33536.5,32304,36880,34611.5,36165.5,34763,35419,34685,24557,17542.5,11417,6564.5,3246,1343,302.5,51.5
"2021","서울특별시","계",9453878,257416.5,345579,368547,397353.5,613102.5,819668.5,725415,718262.5,718342,762370,777551.5,706599,702787.5,535174,392366.5,293549.5,189601,90257.5,31768.5,7074.5,1092
"2021","종로구","계",142767,2899.5,4345,5014,5612.5,10138,12777,10079.5,9334.5,9669.5,11312.5,12544.5,11728,10976.5,8217.5,6154.5,5312,3857.5,1903,687.5,178.5,25.5
"2021","중구","계",120430.5,3102,3448.5,3043,3506,7453,10855,10133,9599,8558.5,8605.5,9972,9640.5,9644.5,7434,5538.5,4506,3082,1564.5,600.5,128,16.5
"2021","용산구","계",218385.5,6047,6983.5,6987,7982.5,13372.5,19392.5,19090.5,18157.5,16424.5,17111.5,18367.5,16508,15790.5,11517.5,8474.5,6996.5,5247.5,2691.5,978.5,229.5,35
"2021","성동구","계",285433,9618,10203.5,9022,10239,18971.5,25038.5,23300.5,24135.5,21699.5,21753,23499.5,22145,21261.5,15018,11061.5,8808.5,5846.5,2708.5,888,183,32
"2021","광진구","계",338990.5,7840.5,10799,12035,13233,25465.5,36556.5,29111,25785.5,24494,26187,27712,25420.5,24615,17790.5,12406.5,9354.5,6184.5,2802.5,940,218.5,39
"2021","동대문구","계",335066,9108.5,11057.5,10950.5,12162.5,25728.5,30246.5,24434.5,24729,24025,24932.5,26574,24984,25813,20119,15043,12184,7883,3663,1125.5,252.5,50
"2021","중랑구","계",386616.5,9975,12187,12177.5,13843,22747,32116.5,28921.5,28201.5,27348,28693,33520.5,33816.5,33773,24826,17719,13192.5,8299.5,3718,1235.5,268,38
"2021","성북구","계",427809,11740.5,16310,17253.5,19191,31778,34135.5,28261.5,30360.5,31605.5,36022,36568,31317.5,31071,23579.5,17792,14546.5,9843,4504.5,1572.5,319,37.5
"2021","강북구","계",299248.5,6153,8763,9864.5,11474.5,18944.5,22769.5,18435.5,19124.5,20562.5,23953.5,26172,24941.5,25553,20093.5,16109.5,13136,8269.5,3524.5,1116.5,256,31.5
"2021","도봉구","계",317794.5,7396,10490.5,11540,13335.5,19698,22525.5,19125.5,20631.5,21621,25125,28427.5,27239,28490.5,21344.5,15286.5,11992,8076.5,3804.5,1321.5,277,46.5
"2021","노원구","계",512274.5,12810.5,19077,23811,27810,36469.5,34759.5,30261.5,33180,37615.5,45540,46645,39641,38958,29398,20927,16104,11134,5625.5,2017,424,66.5
"2021","은평구","계",469876.5,12183.5,16468.5,17808.5,20007.5,28797.5,36972.5,32718.5,34484.5,35380,38894.5,39728,35991.5,36605,27746,21268.5,16748,11170.5,4940.5,1586.5,335.5,41
"2021","서대문구","계",303144.5,8558.5,10929.5,10696.5,12254.5,22016.5,27188.5,22025,22199.5,21833.5,23712.5,25159,22589,21823.5,16229,12588,10625.5,7626,3601,1183,258,48
"2021","마포구","계",364219.5,10903.5,13338,13620.5,14246.5,25137.5,35948.5,32081.5,31351.5,29000.5,30416.5,28806.5,24394.5,22600,16602.5,12602,10636,7384.5,3613.5,1248,242.5,45
"2021","양천구","계",446398,11295,19218,24647,25393,28005.5,30273,26288.5,29964.5,35828.5,41153.5,40368,34915.5,33087.5,24911.5,17071.5,11432,7256,3618.5,1330.5,298.5,42
"2021","강서구","계",571614,16544.5,21525.5,21164,22800,33285,52651,50085.5,47718.5,44894,44116.5,42744.5,41226,43706,33054,23137,15540,9914,5047.5,1961,440,59.5
"2021","구로구","계",396843,12219,14839.5,14546.5,15044.5,22731,31627,30701.5,31015,30502,30991.5,31544.5,30335.5,31366.5,24637.5,18496,13064.5,8061.5,3643,1179,264.5,33
"2021","금천구","계",228299.5,5506,6586.5,6566.5,7688,13939,23063,19268,16474,15117.5,16622.5,19187,19835.5,19348,13952.5,10242.5,7482.5,4528,2050.5,672.5,144,25.5
"2021","영등포구","계",372443.5,12276,12998,11484.5,12361,21604.5,36988.5,36157.5,32640,27824.5,27220,28347.5,26893,26477,19979.5,15128,11305.5,7555,3751.5,1151.5,265,35.5
"2021","동작구","계",383557.5,10399,13355,13001.5,14309.5,27026.5,38411,31814,29247,28313.5,28969.5,29668.5,27422,27550,21316,16586,12508,8145.5,3833.5,1322.5,311,48
"2021","관악구","계",484197.5,9207.5,11881,12493.5,15211.5,38357.5,69784,49204,36193,32395.5,33403,34044.5,32085.5,32547,26013.5,20696,15694,9492,3889.5,1290,268,47
"2021","서초구","계",411435,12548.5,20188,22990,21710.5,24217.5,28875.5,28859.5,31740.5,36299,38503.5,34468.5,26893.5,25805.5,20667,15465.5,10827.5,6419,3266.5,1319,326.5,44
"2021","강남구","계",525570,12980.5,22680.5,29339,29465.5,32124,39405,38219.5,40130,46125,50122.5,44812,34189.5,31949,26629.5,19793.5,13595,7912.5,3937,1666.5,421.5,72.5
"2021","송파구","계",655395,21118.5,28392.5,28930.5,29242.5,39031.5,52702.5,52858,54844,53841,52941,52559.5,47784.5,47695,36588,24311,15820.5,9301,4971.5,1937,454.5,70.5
"2021","강동구","계",456069,14986,19514,19560.5,19229.5,26063,34606,33979.5,37021.5,37364,36067.5,36111,34662,36281,27509.5,18468.5,12138,7112,3583.5,1438.5,311,62.5
"2022","서울특별시","계",9378610,236014.5,327888,364124.5,385989.5,588157,811396,742866.5,679663.5,722262,725662.5,789729.5,686982,708879.5,564472.5,398354.5,299196.5,207370,97563.5,33449.5,7423.5,1165
"2022","종로구","계",140477,2616,4066.5,4805,5362.5,9698.5,12681,10329,8862,9676,10374.5,12596.5,11345.5,11117.5,8616,6068,5186,4131.5,2034.5,704,180.5,26
"2022","중구","계",119206.5,2858,3261,2970.5,3365.5,7107.5,10746,10467,9207,8639.5,8032,9895.5,9230.5,9645.5,7907.5,5550.5,4475.5,3368.5,1680,637.5,139.5,22
"2022","용산구","계",215891,5647,6626,6748.5,7556.5,12809,19209,19985,17428.5,16547.5,15824.5,18578.5,15956.5,15878,12230.5,8397.5,6794,5483.5,2896.5,1040,217.5,37
"2022","성동구","계",280685,8906.5,9809.5,8803.5,9819,18107,24518,23177,22772.5,21819.5,20452,23558,21209,21485,15954,11017.5,8827,6300.5,2983.5,941,187.5,37.5
"2022","광진구","계",335712.5,7048.5,10032,11675.5,12883.5,24394,36339,29944.5,24433,24519,24728.5,27831.5,24871,24955,18808.5,12626.5,9515,6751.5,3077,1009,230.5,39.5
"2022","동대문구","계",334024,8422,10675,10840.5,11834,25569,30435,24965,23531,24404,23741,26757,24317,25932.5,21119,15131,12208,8642.5,3988.5,1206.5,251.5,54
"2022","중랑구","계",383496,9263.5,11539,11916,13161,21328,31697.5,30128.5,26929,27726,26977.5,33202.5,32569,34407.5,26339,18023,13399,9203.5,4041,1310.5,295.5,39.5
"2022","성북구","계",426763.5,10947,15638,17105.5,18862.5,31445,33798,28838.5,28867,31931.5,34103.5,37797.5,30933,31371,24947.5,17889,14515.5,10804,4921.5,1662.5,342.5,43
"2022","강북구","계",293601.5,5380.5,8071.5,9511.5,10852,18018.5,22228,18701,17551.5,20213,22224.5,26320.5,24086,25709.5,20960,16148.5,13020.5,9208.5,3926.5,1170.5,261,38
"2022","도봉구","계",312179.5,6540,9755.5,11206.5,12638,18363,21930.5,19422,19096.5,21498.5,23371.5,28400,26346.5,28560.5,22664,15575,12040,8934.5,4093,1397.5,301.5,45
"2022","노원구","계",504265,11686,17769,22911.5,26676,34941.5,33738.5,31047,31131,36991.5,42549.5,47264,38598.5,39379.5,31257.5,21395.5,16236,12049,5978,2139.5,452.5,73.5
"2022","은평구","계",465727.5,11175.5,15517,17380,19363,27318.5,36562,33817.5,32273.5,35437,36830,40652,35190.5,37068.5,29234.5,21344,16833.5,12151,5532,1657.5,347.5,42.5
"2022","서대문구","계",302243.5,7937,10673.5,10608.5,11849.5,21593,26948.5,22687,21323,22179,22424,25683.5,22129.5,22238,17224.5,12449,10557,8212,3950.5,1259,267,50.5
"2022","마포구","계",362719.5,9823,12843,13396.5,14045,24401.5,35968.5,32873,29957,29201.5,29112.5,29928,24038.5,23035,17535.5,12600,10494,7943.5,3875,1344.5,257.5,46.5
"2022","양천구","계",440981.5,10198.5,18073.5,24262.5,24742.5,26314,29569.5,26756.5,27812.5,35539.5,39183,40858.5,34057.5,33815.5,26508,17850.5,11934.5,7881.5,3831.5,1429,315.5,47.5
"2022","강서구","계",567898,14980,20120.5,21133,22037.5,31696.5,52201.5,51978.5,45260,45382,42525.5,43477.5,39323.5,43873,35007.5,23828,16319,10821,5364,2023.5,477.5,68.5
"2022","구로구","계",393517.5,11271,13868,14325,14506,21703,31419.5,31628.5,29398.5,30498,29648.5,31871,29374,31512,25782.5,18808.5,13501,8881,3945.5,1261.5,281.5,33
"2022","금천구","계",228373.5,5070,6104,6409,7293.5,13067.5,23621.5,20800.5,16002.5,15246.5,15569.5,19001,19213,19971,14729,10439.5,7633,5107,2207.5,713.5,147,27.5
"2022","영등포구","계",372625.5,11422,12714.5,11610,11900,21029,36925,37536,31606.5,28467,26181.5,28788.5,26151,26791.5,20850.5,15330.5,11488,8177,4108,1249,262.5,37.5
"2022","동작구","계",379738,9440.5,12708.5,12786.5,13965.5,26329,38008,32315.5,27720,28233.5,27660,30255.5,26516.5,27519.5,22189.5,16611,12800.5,8792,4143,1373.5,322,48
"2022","관악구","계",482092.5,8142,10847,12036,14555.5,37539.5,71244,51436.5,34312.5,32316,31443,34542.5,31011.5,32660.5,26699.5,20855,15810.5,10667,4296,1340,289,49
"2022","서초구","계",402936.5,11429.5,18910,22880.5,21446,22941.5,27732.5,28274.5,29254.5,35836,37165,35414,26222.5,25249.5,21435.5,15370.5,11264,6925.5,3466.5,1328,343.5,47
"2022","강남구","계",522782.5,11915.5,21533.5,29777,29599,30564.5,38208,38020,37503.5,46214.5,48959.5,46691.5,33961,31712,28114.5,20256.5,14554,8758,4188.5,1737.5,441.5,72.5
"2022","송파구","계",652993.5,19615,27598.5,29136.5,28711,36991.5,51535,53183.5,52189,55065,51239,53624,46712.5,48122.5,38930,25352,16906,10248,5247.5,2026,486.5,74.5
"2022","강동구","계",457679,14280,19133.5,19889,18965,24887,34132,34554.5,35241.5,38680.5,35342.5,36740.5,33618,36869.5,29428,19437.5,12885,7928,3788,1488.5,325,65.5
