동별(1),동별(2),성별(1),2013,2013,2013,2013,2013,2013,2013,2013,2013,2013,2013,2013,2013,2013,2013,2013,2013,2013,2013,2013,2013,2013,2014,2014,2014,2014,2014,2014,2014,2014,2014,2014,2014,2014,2014,2014,2014,2014,2014,2014,2014,2014,2014,2014,2015,2015,2015,2015,2015,2015,2015,2015,2015,2015,2015,2015,2015,2015,2015,2015,2015,2015,2015,2015,2015,2015,2016,2016,2016,2016,2016,2016,2016,2016,2016,2016,2016,2016,2016,2016,2016,2016,2016,2016,2016,2016,2016,2016,2017,2017,2017,2017,2017,2017,2017,2017,2017,2017,2017,2017,2017,2017,2017,2017,2017,2017,2017,2017,2017,2017,2018,2018,2018,2018,2018,2018,2018,2018,2018,2018,2018,2018,2018,2018,2018,2018,2018,2018,2018,2018,2018,2018,2019,2019,2019,2019,2019,2019,2019,2019,2019,2019,2019,2019,2019,2019,2019,2019,2019,2019,2019,2019,2019,2019,2020,2020,2020,2020,2020,2020,2020,2020,2020,2020,2020,2020,2020,2020,2020,2020,2020,2020,2020,2020,2020,2020,2021,2021,2021,2021,2021,2021,2021,2021,2021,2021,2021,2021,2021,2021,2021,2021,2021,2021,2021,2021,2021,2021,2022,2022,2022,2022,2022,2022,2022,2022,2022,2022,2022,2022,2022,2022,2022,2022,2022,2022,2022,2022,2022,2022
동별(1),동별(2),성별(1),계,계,계,계,계,계,계,계,계,계,계,계,계,계,계,계,계,계,계,계,계,계,계,계,계,계,계,계,계,계,계,계,계,계,계,계,계,계,계,계,계,계,계,계,계,계,계,계,계,계,계,계,계,계,계,계,계,계,계,계,계,계,계,계,계,계,계,계,계,계,계,계,계,계,계,계,계,계,계,계,계,계,계,계,계,계,계,계,계,계,계,계,계,계,계,계,계,계,계,계,계,계,계,계,계,계,계,계,계,계,계,계,계,계,계,계,계,계,계,계,계,계,계,계,계,계,계,계,계,계,계,계,계,계,계,계,계,계,계,계,계,계,계,계,계,계,계,계,계,계,계,계,계,계,계,계,계,계,계,계,계,계,계,계,계,계,계,계,계,계,계,계,계,계,계,계,계,계,계,계,계,계,계,계,계,계,계,계,계,계,계,계,계,계,계,계,계,계,계,계,계,계,계,계,계,계,계,계,계,계,계,계,계,계,계,계,계,계,계,계
동별(1),동별(2),성별(1),소계,0~4세,5~9세,10~14세,15~19세,20~24세,25~29세,30~34세,35~39세,40~44세,45~49세,50~54세,55~59세,60~64세,65~69세,70~74세,75~79세,80~84세,85~89세,90~94세,95~99세,100세 이상+,소계,0~4세,5~9세,10~14세,15~19세,20~24세,25~29세,30~34세,35~39세,40~44세,45~49세,50~54세,55~59세,60~64세,65~69세,70~74세,75~79세,80~84세,85~89세,90~94세,95~99세,100세 이상+,소계,0~4세,5~9세,10~14세,15~19세,20~24세,25~29세,30~34세,35~39세,40~44세,45~49세,50~54세,55~59세,60~64세,65~69세,70~74세,75~79세,80~84세,85~89세,90~94세,95~99세,100세 이상+,소계,0~4세,5~9세,10~14세,15~19세,20~24세,25~29세,30~34세,35~39세,40~44세,45~49세,50~54세,55~59세,60~64세,65~69세,70~74세,75~79세,80~84세,85~89세,90~94세,95~99세,100세 이상+,소계,0~4세,5~9세,10~14세,15~19세,20~24세,25~29세,30~34세,35~39세,40~44세,45~49세,50~54세,55~59세,60~64세,65~69세,70~74세,75~79세,80~84세,85~89세,90~94세,95~99세,100세 이상+,소계,0~4세,5~9세,10~14세,15~19세,20~24세,25~29세,30~34세,35~39세,40~44세,45~49세,50~54세,55~59세,60~64세,65~69세,70~74세,75~79세,80~84세,85~89세,90~94세,95~99세,100세 이상+,소계,0~4세,5~9세,10~14세,15~19세,20~24세,25~29세,30~34세,35~39세,40~44세,45~49세,50~54세,55~59세,60~64세,65~69세,70~74세,75~79세,80~84세,85~89세,90~94세,95~99세,100세 이상+,소계,0~4세,5~9세,10~14세,15~19세,20~24세,25~29세,30~34세,35~39세,40~44세,45~49세,50~54세,55~59세,60~64세,65~69세,70~74세,75~79세,80~84세,85~89세,90~94세,95~99세,100세 이상+,소계,0~4세,5~9세,10~14세,15~19세,20~24세,25~29세,30~34세,35~39세,40~44세,45~49세,50~54세,55~59세,60~64세,65~69세,70~74세,75~79세,80~84세,85~89세,90~94세,95~99세,100세 이상+,소계,0~4세,5~9세,10~14세,15~19세,20~24세,25~29세,30~34세,35~39세,40~44세,45~49세,50~54세,55~59세,60~64세,65~69세,70~74세,75~79세,80~84세,85~89세,90~94세,95~99세,100세 이상+
합계,소계,계,10012712,412727,403818,495012,621096,683039,781951,936222,825454,903649,797714,835349,711724,504786,401314,325622,196584,104784,49514,18138,3639,582,9970993,406364,394256,468166,597427,691689,758265,917302,802232,890692,809688,820438,741505,519068,418589,334235,211764,111620,53535,19634,3890,637,9907155,398954,388947,435836,574956,698127,745118,872578,800103,862892,819580,797955,760822,549878,434169,338229,224632,121160,57814,20459,4254,698,9811039,385053,386404,405306,550276,692439,742130,822248,803743,820610,835665,767411,772447,589943,439028,340549,237555,132135,61405,21244,4714,739,9724401,363252,380732,391826,518232,677755,756265,773663,807972,780991,848759,745085,776782,619337,443557,344436,258890,142928,65329,22593,5247,776,9642857,337202,371314,384218,486576,662001,775678,737480,808603,743259,843981,743731,767416,642225,453066,354695,276788,154067,69439,24425,5896,802,9578975,312470,363168,374188,459375,645905,796731,721278,790734,717153,827943,752928,752147,668848,466086,370202,284617,166758,74381,26780,6436,851,9533412,285507,356876,369851,427350,631878,816546,719526,756788,714459,801399,762280,732788,689251,496050,385834,289717,178206,81872,29510,6769,961,9453878,257417,345579,368547,397354,613103,819669,725415,718263,718342,762370,777552,706599,702788,535174,392367,293550,189601,90258,31769,7075,1092,9378610,236015,327888,364125,385990,588157,811396,742867,679664,722262,725663,789730,686982,708880,564473,398355,299197,207370,97564,33450,7424,1165
합계,소계,남자,4940393,211790,207919,257037,325512,345172,386001,471460,416377,452904,395508,405946,341325,242859,191297,153143,82075,35369,13377,4529,680,118,4912653,208506,202722,242605,311406,350195,374195,461037,403854,446301,400889,400178,355383,249264,199105,157326,90284,38921,14637,4957,766,126,4873490,204658,199684,225431,298298,353133,368206,438134,401401,431967,405929,390692,364555,263027,205913,159113,97406,43674,16185,5049,907,132,4818223,197416,198170,209285,284699,349088,367261,412028,403020,409736,413021,378407,370390,280846,207672,159589,104500,49224,17607,5105,1038,126,4767276,186130,195216,202077,267713,339569,375043,386701,405307,388230,419620,367937,373434,294262,209667,160176,115491,54651,19399,5378,1155,124,4717644,172832,190384,198088,250793,327753,385148,367907,405488,368861,418033,365635,370318,305032,213893,164068,124441,60212,21502,5802,1326,134,4675764,160521,186185,192815,236138,314956,394866,359560,396267,355617,409950,369964,364170,317439,219729,170804,128223,66601,23816,6503,1500,146,4642653,146912,182974,190281,219321,303776,402081,359045,379353,353614,396806,375169,356333,326997,233225,177616,130498,72558,26993,7379,1550,178,4593754,132593,177071,189344,203647,291760,400274,362206,359548,355916,377110,382401,346409,333695,250507,180479,131767,78511,30667,8102,1537,216,4548059,121760,167828,186989,197472,278024,393355,371320,339477,358413,357816,388747,337381,337364,263587,183155,133569,87193,34008,8804,1570,233
합계,소계,여자,5072319,200938,195899,237975,295584,337868,395950,464762,409077,450745,402207,429403,370399,261927,210017,172479,114509,69416,36138,13609,2960,464,5058340,197859,191534,225561,286022,341494,384070,456265,398379,444391,408799,420260,386122,269804,219484,176909,121480,72699,38899,14678,3124,511,5033665,194297,189263,210405,276659,344994,376912,434444,398702,430926,413651,407263,396268,286851,228256,179116,127227,77486,41629,15410,3347,566,4992816,187637,188234,196021,265577,343351,374869,410221,400723,410874,422644,389004,402058,309097,231356,180961,133055,82911,43798,16139,3676,614,4957125,177122,185516,189749,250519,338186,381223,386962,402665,392761,429139,377148,403349,325075,233890,184261,143399,88277,45930,17215,4092,652,4925213,164370,180930,186130,235783,334248,390530,369574,403115,374399,425948,378096,397098,337194,239173,190628,152347,93855,47937,18623,4570,669,4903211,151949,176983,181374,223237,330950,401865,361719,394467,361537,417993,382964,387978,351409,246358,199398,156394,100157,50565,20277,4937,705,4890760,138596,173902,179570,208030,328102,414466,360482,377436,360845,404593,387111,376455,362254,262825,208218,159219,105648,54879,22131,5219,783,4860124,124824,168508,179204,193707,321343,419395,363210,358715,362427,385261,395151,360190,369093,284667,211888,161783,111090,59591,23667,5538,877,4830551,114255,160061,177136,188518,310134,418041,371547,340187,363850,367847,400983,349602,371516,300886,215200,165628,120178,63556,24646,5854,932
합계,종로구,계,157433,4728,5301,7468,9623,11278,12456,12543,11249,14284,13190,13654,11257,8163,7222,6776,4253,2315,1115,458,93,13,153407,4499,5038,6884,9119,11277,11931,12019,10519,13648,13042,13244,11539,8176,7150,6655,4455,2420,1204,481,97,15,150751,4398,4882,6234,8753,11340,11769,11419,10250,12851,12943,12831,11714,8565,7175,6512,4647,2594,1265,482,115,19,148332,4302,4830,5650,8294,11315,11742,10844,10129,11791,13128,12310,11864,9189,7028,6337,4834,2810,1310,483,128,21,148099,4181,4824,5401,7764,11336,12022,10492,10292,10968,13361,12120,12184,9652,6979,6188,5252,3027,1401,502,132,25,148326,3989,4793,5335,7260,11233,12375,10346,10546,10336,13242,12231,12330,10047,7102,6152,5572,3234,1494,547,142,25,146603,3705,4684,5204,6776,10940,12503,10108,10274,9790,12824,12221,12308,10440,7244,6189,5552,3476,1603,592,153,23,144866,3309,4549,5120,6182,10602,12668,9995,9796,9650,12221,12287,12160,10735,7637,6245,5450,3682,1749,639,169,26,142767,2900,4345,5014,5613,10138,12777,10080,9335,9670,11313,12545,11728,10977,8218,6155,5312,3858,1903,688,179,26,140477,2616,4067,4805,5363,9699,12681,10329,8862,9676,10375,12597,11346,11118,8616,6068,5186,4132,2035,704,181,26
합계,종로구,남자,78231,2466,2756,3867,5091,5742,6392,6460,5571,7041,6600,6929,5635,3965,3336,3156,1844,861,356,143,23,5,75965,2324,2635,3587,4757,5684,6120,6143,5203,6682,6475,6698,5821,3996,3327,3090,1954,904,394,149,23,4,74425,2254,2554,3266,4527,5691,6054,5777,5043,6292,6364,6494,5911,4226,3365,2972,2048,994,420,143,30,4,73089,2209,2488,2940,4270,5647,6078,5467,4928,5775,6447,6284,5959,4578,3289,2877,2118,1129,430,142,34,5,72806,2138,2457,2783,3943,5599,6274,5295,5007,5296,6606,6136,6172,4826,3283,2788,2313,1230,474,151,34,4,72713,2023,2446,2727,3652,5498,6446,5208,5168,4937,6537,6094,6259,5053,3399,2751,2483,1310,521,163,38,4,71624,1871,2382,2646,3406,5252,6456,5063,5041,4682,6292,6064,6216,5278,3514,2785,2460,1427,568,176,45,4,70613,1668,2297,2575,3099,4976,6526,5005,4820,4636,5993,6072,6180,5409,3744,2842,2369,1517,642,189,52,6,69386,1460,2203,2492,2799,4672,6491,5071,4602,4646,5527,6181,6015,5506,4057,2813,2283,1588,724,197,57,8,68002,1325,2057,2373,2672,4404,6315,5206,4365,4660,5003,6236,5751,5597,4264,2786,2228,1714,778,207,57,8
합계,종로구,여자,79202,2262,2545,3602,4533,5536,6064,6083,5678,7243,6590,6725,5623,4199,3886,3621,2409,1455,759,315,71,9,77443,2176,2403,3297,4363,5594,5812,5876,5316,6967,6568,6546,5718,4180,3823,3565,2501,1516,810,333,74,12,76326,2144,2328,2968,4226,5649,5716,5642,5208,6559,6579,6337,5803,4339,3810,3540,2599,1600,845,339,85,15,75243,2093,2343,2710,4024,5668,5664,5377,5201,6016,6682,6026,5905,4611,3739,3460,2716,1681,880,341,94,16,75293,2044,2367,2618,3821,5737,5748,5197,5286,5672,6755,5985,6012,4826,3696,3400,2939,1797,927,351,98,21,75613,1966,2347,2608,3608,5736,5930,5138,5379,5399,6705,6137,6071,4995,3703,3402,3089,1924,973,384,104,21,74980,1834,2302,2558,3371,5689,6047,5045,5233,5108,6532,6157,6092,5162,3730,3405,3092,2049,1035,416,108,20,74253,1641,2252,2545,3083,5627,6142,4991,4976,5014,6228,6215,5981,5326,3893,3403,3081,2165,1107,451,117,20,73381,1440,2143,2523,2814,5466,6287,5009,4733,5024,5786,6364,5714,5471,4161,3342,3029,2270,1179,491,122,18,72476,1291,2010,2432,2691,5295,6367,5124,4497,5017,5372,6361,5595,5521,4352,3283,2959,2418,1257,497,124,18
합계,중구,계,127873,4892,4258,4686,6391,8405,9975,11915,10349,11243,9902,11117,9893,7113,5975,5322,3322,1849,884,308,72,8,125273,4673,4007,4291,5945,8392,9564,11433,9863,10774,9861,10799,10255,7217,6045,5333,3522,1931,950,339,76,8,122800,4438,3868,3860,5555,8350,9317,10845,9670,10175,9840,10343,10435,7528,6124,5269,3661,2056,1020,365,79,8,121152,4267,3867,3491,5240,8202,9327,10389,9770,9542,9950,9781,10504,8021,6106,5124,3792,2227,1088,379,79,10,121058,4187,3820,3365,4883,8028,9704,10020,10027,9069,10140,9530,10521,8493,6132,5019,4099,2367,1153,408,84,14,121382,4012,3733,3302,4532,7855,10142,9904,10334,8695,10000,9593,10464,8921,6220,5069,4344,2499,1218,440,90,19,121678,3788,3686,3189,4236,7705,10491,10012,10383,8454,9627,9724,10351,9305,6439,5240,4422,2709,1301,496,106,19,121520,3483,3611,3093,3869,7605,10768,10031,10051,8465,9184,9864,10108,9512,6872,5475,4501,2904,1429,558,124,16,120431,3102,3449,3043,3506,7453,10855,10133,9599,8559,8606,9972,9641,9645,7434,5539,4506,3082,1565,601,128,17,119207,2858,3261,2971,3366,7108,10746,10467,9207,8640,8032,9896,9231,9646,7908,5551,4476,3369,1680,638,140,22
합계,중구,남자,64018,2481,2127,2420,3307,4277,5113,6091,5380,5979,5158,5723,4996,3493,2787,2410,1302,613,251,95,21,1,62547,2397,2003,2212,3073,4253,4854,5829,5090,5696,5147,5551,5157,3563,2861,2411,1428,633,267,101,24,2,61164,2278,1930,1970,2850,4220,4750,5512,4956,5343,5140,5271,5255,3748,2919,2379,1531,685,295,109,27,2,60147,2178,1929,1751,2660,4138,4739,5242,5016,4955,5178,4967,5319,3998,2948,2306,1587,777,330,106,26,1,59933,2126,1910,1661,2504,3993,4886,5027,5142,4663,5243,4840,5337,4268,2995,2270,1719,851,361,110,28,2,59908,2008,1883,1628,2347,3810,5084,4950,5249,4493,5129,4862,5325,4502,3035,2307,1858,912,380,121,27,5,59818,1899,1876,1585,2189,3658,5214,4989,5227,4375,4881,4926,5275,4681,3161,2394,1903,1024,398,134,27,6,59536,1772,1852,1550,1976,3543,5289,4981,5051,4376,4636,5005,5127,4782,3380,2523,1943,1125,439,153,32,6,58739,1590,1788,1516,1756,3393,5214,5029,4817,4430,4359,5021,4913,4836,3653,2589,1947,1201,489,165,33,6,57923,1472,1685,1481,1667,3208,5073,5208,4632,4441,4063,4928,4717,4835,3906,2616,1919,1339,525,171,34,7
합계,중구,여자,63855,2411,2131,2266,3084,4129,4862,5825,4969,5264,4745,5394,4897,3620,3188,2913,2020,1236,633,214,51,7,62726,2277,2005,2079,2872,4139,4710,5604,4773,5078,4714,5248,5099,3654,3184,2922,2094,1298,684,238,52,6,61636,2160,1938,1891,2705,4130,4567,5334,4714,4832,4700,5072,5180,3780,3206,2891,2131,1372,725,256,52,7,61005,2089,1938,1740,2581,4064,4588,5147,4754,4588,4772,4814,5186,4023,3158,2818,2205,1450,758,274,53,9,61125,2061,1910,1704,2380,4035,4818,4993,4885,4406,4897,4690,5185,4225,3138,2750,2380,1516,792,298,56,13,61475,2004,1850,1675,2185,4045,5059,4954,5085,4203,4871,4731,5139,4420,3185,2762,2487,1587,839,320,64,15,61861,1890,1810,1605,2047,4047,5277,5023,5156,4079,4746,4798,5076,4624,3278,2846,2519,1685,904,362,79,13,61984,1711,1760,1543,1894,4062,5479,5050,5001,4089,4549,4860,4981,4730,3492,2952,2559,1779,990,405,92,11,61692,1512,1661,1528,1750,4061,5642,5105,4782,4129,4247,4952,4728,4809,3781,2950,2559,1882,1076,436,96,11,61284,1386,1576,1490,1699,3900,5673,5260,4576,4199,3969,4968,4514,4811,4002,2935,2557,2030,1156,467,106,16
합계,용산구,계,232676,9578,8897,10146,12217,14326,17666,22656,19939,22033,18126,18754,16107,11511,9902,9207,6164,3239,1559,536,99,18,229055,9169,8590,9504,11815,14330,16919,21853,18956,21378,18447,18415,16602,11639,10003,9103,6528,3425,1659,583,120,21,225431,8876,8239,8811,11359,14462,16599,20515,18541,20278,18734,17937,16907,12202,10121,8904,6695,3689,1786,625,133,24,221883,8527,8071,8192,10893,14322,16575,19210,18532,18978,19129,17220,16991,13054,10017,8592,6856,3985,1902,676,140,25,219547,7905,7860,7849,10318,13943,17202,18426,18760,17698,19512,16679,17044,13757,9878,8301,7189,4300,2023,718,165,25,219034,7342,7608,7610,9738,13736,18044,18178,19130,16673,19459,16742,17141,14318,9925,8246,7408,4609,2149,755,199,30,218821,6975,7390,7335,9227,13592,18623,18215,19156,16095,18983,17179,17055,14921,10107,8340,7369,4906,2278,823,223,35,219404,6548,7216,7168,8648,13540,19187,18519,18788,16188,18255,17808,16916,15452,10694,8500,7238,5102,2464,904,238,34,218386,6047,6984,6987,7983,13373,19393,19091,18158,16425,17112,18368,16508,15791,11518,8475,6997,5248,2692,979,230,35,215891,5647,6626,6749,7557,12809,19209,19985,17429,16548,15825,18579,15957,15878,12231,8398,6794,5484,2897,1040,218,37
합계,용산구,남자,113383,4859,4515,5237,6448,7059,8585,11246,9924,11117,9112,9180,7822,5398,4453,4132,2455,1175,485,152,31,4,111494,4647,4317,4875,6236,7035,8283,10860,9338,10786,9292,9030,8088,5492,4513,4074,2626,1289,502,170,40,5,109688,4527,4089,4518,6001,7051,8174,10214,9104,10219,9424,8861,8242,5790,4619,3967,2713,1413,533,183,43,6,107918,4398,4037,4193,5752,6953,8176,9553,9122,9474,9553,8574,8314,6246,4610,3822,2802,1511,592,189,46,6,106724,4100,3981,4006,5401,6767,8492,9187,9265,8736,9718,8322,8354,6651,4599,3646,3003,1590,663,194,48,7,106355,3815,3881,3871,5018,6614,8889,9106,9500,8191,9644,8347,8395,6978,4656,3620,3151,1698,727,197,55,8,106147,3634,3796,3712,4737,6447,9153,9086,9576,7898,9361,8542,8397,7288,4772,3709,3136,1843,782,208,69,7,106237,3393,3725,3611,4453,6361,9328,9239,9405,7951,8971,8800,8404,7545,5085,3809,3056,1950,846,229,74,6,105425,3130,3597,3509,4100,6238,9277,9500,9026,8137,8355,9012,8256,7732,5506,3832,2941,2029,912,267,67,7,103927,2919,3377,3413,3867,5889,9085,9903,8622,8267,7711,9071,7933,7804,5886,3842,2835,2150,986,308,58,6
합계,용산구,여자,119293,4719,4382,4909,5769,7267,9081,11411,10016,10916,9014,9574,8286,6114,5449,5075,3709,2064,1075,385,68,14,117562,4522,4273,4630,5579,7296,8636,10993,9618,10592,9156,9386,8514,6147,5490,5029,3902,2137,1157,413,80,16,115744,4349,4150,4293,5358,7412,8425,10301,9438,10059,9310,9076,8665,6412,5502,4937,3982,2276,1253,442,90,18,113966,4130,4034,3999,5142,7369,8399,9657,9411,9505,9576,8646,8677,6809,5408,4770,4055,2474,1310,487,95,19,112823,3805,3880,3843,4918,7177,8710,9239,9495,8963,9794,8357,8690,7106,5279,4655,4187,2711,1360,524,117,18,112679,3527,3727,3739,4720,7122,9155,9072,9630,8482,9816,8395,8746,7340,5269,4626,4257,2911,1423,559,144,23,112674,3341,3594,3623,4491,7145,9470,9130,9580,8197,9622,8637,8658,7633,5335,4632,4233,3063,1497,615,155,28,113167,3156,3491,3557,4195,7180,9860,9280,9383,8237,9285,9008,8512,7907,5609,4691,4182,3152,1618,675,164,28,112961,2918,3387,3478,3883,7135,10116,9591,9132,8288,8757,9356,8253,8059,6012,4643,4056,3219,1780,712,163,29,111965,2728,3249,3336,3690,6921,10124,10083,8807,8281,8114,9508,8024,8074,6345,4556,3959,3334,1911,733,160,31
합계,성동구,계,294447,12453,11772,13141,16317,20147,23273,28385,25634,27214,23127,24672,20472,14280,11887,10290,6261,3094,1397,505,114,17,292787,12388,11351,12267,15649,20445,22802,27647,24745,26752,23453,24389,21527,14618,12095,10411,6670,3366,1520,558,120,18,291572,12405,11030,11294,15085,20728,22579,26314,24647,25808,23768,23985,22390,15508,12444,10397,7090,3704,1657,598,126,20,292891,12494,11051,10508,14514,20768,22895,25559,25224,24649,24474,23450,23229,16872,12600,10404,7543,4103,1793,609,136,22,296599,12467,11038,10250,13793,20791,23988,25093,26295,23829,25243,23045,23972,18126,12723,10483,8192,4552,1928,616,156,24,300992,12285,10960,10184,13098,20961,25160,24962,27359,23090,25565,23389,24290,19350,13078,10646,8711,4961,2076,672,175,25,299044,11652,10867,9829,12250,20639,25514,24613,26998,22278,24928,23671,23941,20262,13431,10831,8862,5273,2257,754,176,24,291841,10620,10585,9310,11203,19866,25368,23851,25563,21810,23378,23434,23143,20782,14025,11034,8845,5547,2455,821,178,28,285433,9618,10204,9022,10239,18972,25039,23301,24136,21700,21753,23500,22145,21262,15018,11062,8809,5847,2709,888,183,32,280685,8907,9810,8804,9819,18107,24518,23177,22773,21820,20452,23558,21209,21485,15954,11018,8827,6301,2984,941,188,38
합계,성동구,남자,146825,6412,6022,6624,8360,10355,11698,14252,13144,14144,11806,12489,10068,6963,5531,4726,2609,1055,411,135,23,5,145649,6336,5819,6160,7956,10508,11429,13828,12644,13811,11955,12352,10591,7184,5670,4787,2805,1196,436,155,28,4,144796,6310,5612,5689,7616,10667,11333,13079,12607,13268,12101,12131,11119,7604,5865,4761,2997,1364,482,164,29,3,145183,6334,5614,5266,7334,10651,11557,12684,12842,12645,12370,11837,11655,8236,5951,4725,3233,1541,522,158,30,3,146526,6316,5641,5112,6951,10515,12161,12408,13292,12197,12662,11564,12077,8823,6017,4739,3570,1728,561,157,34,3,148052,6241,5606,5146,6512,10389,12689,12205,13820,11770,12813,11620,12225,9463,6205,4811,3817,1891,620,167,43,4,146552,5955,5530,5019,6044,10079,12803,11908,13617,11306,12470,11711,12027,9944,6393,4887,3889,2030,707,185,48,4,142673,5462,5382,4735,5521,9628,12760,11445,12877,11092,11583,11614,11589,10243,6673,4992,3866,2155,799,207,48,7,139214,4944,5185,4596,5022,9134,12589,11170,12152,11047,10732,11562,11069,10555,7132,5051,3797,2294,908,227,45,8,136548,4603,4980,4482,4801,8693,12262,11151,11377,11063,10131,11494,10569,10671,7582,5062,3779,2539,1010,250,44,9
합계,성동구,여자,147622,6041,5751,6518,7957,9792,11576,14133,12491,13071,11322,12183,10404,7317,6356,5564,3652,2039,986,370,91,12,147138,6052,5532,6107,7694,9937,11373,13819,12102,12941,11499,12037,10936,7434,6425,5624,3865,2170,1084,403,93,15,146776,6096,5418,5606,7469,10061,11247,13235,12040,12540,11667,11854,11272,7904,6579,5636,4093,2340,1175,434,97,17,147708,6161,5438,5242,7180,10117,11339,12876,12382,12004,12104,11613,11574,8636,6649,5679,4310,2562,1271,451,107,19,150073,6151,5397,5138,6843,10276,11828,12685,13003,11632,12581,11481,11895,9303,6706,5744,4622,2825,1367,459,122,21,152940,6044,5354,5038,6587,10572,12471,12757,13540,11320,12752,11769,12065,9887,6873,5836,4895,3070,1457,505,133,21,152493,5697,5337,4810,6206,10560,12712,12705,13381,10972,12458,11960,11914,10318,7038,5945,4973,3243,1550,569,128,20,149168,5158,5203,4575,5682,10238,12608,12406,12686,10719,11795,11820,11554,10539,7352,6043,4979,3392,1657,614,131,21,146220,4675,5019,4427,5218,9838,12450,12131,11984,10653,11022,11938,11076,10707,7886,6011,5012,3553,1801,661,139,24,144138,4304,4830,4322,5019,9415,12257,12026,11396,10757,10321,12064,10640,10815,8373,5956,5048,3762,1974,692,144,29
합계,광진구,계,364964,13936,13597,17420,22901,26862,33527,36743,29709,32643,29559,30818,24980,16792,13235,10522,6252,3216,1523,590,122,21,361147,13638,13086,16138,21792,27098,32454,36185,28733,31668,29799,30076,26089,17333,13689,10731,6807,3402,1651,626,134,22,356671,13295,12807,14748,20764,27253,31682,34657,28578,30349,29879,28994,26794,18511,14044,10830,7209,3706,1772,627,152,22,353272,12902,12665,13622,19608,27297,31615,33014,28865,28776,30165,27890,27404,19966,14123,10945,7646,4076,1886,621,164,27,351919,12284,12417,13242,18212,27123,32533,31492,29377,27463,30363,27238,27891,21081,14363,11156,8352,4454,2016,659,179,30,351215,11500,12180,12999,16945,26787,33788,30406,29816,26235,30036,27343,27826,22149,14797,11512,8911,4889,2158,724,188,31,348117,10494,11908,12544,15761,26298,34890,29648,29070,25197,29164,27562,27226,23290,15276,11921,9157,5366,2316,802,192,38,343783,9107,11488,12259,14399,26070,35975,29172,27355,24710,27864,27568,26348,24044,16401,12294,9299,5781,2530,876,207,41,338991,7841,10799,12035,13233,25466,36557,29111,25786,24494,26187,27712,25421,24615,17791,12407,9355,6185,2803,940,219,39,335713,7049,10032,11676,12884,24394,36339,29945,24433,24519,24729,27832,24871,24955,18809,12627,9515,6752,3077,1009,231,40
합계,광진구,남자,179846,7180,6913,9074,11882,13241,16269,18416,15039,16172,14646,14955,12140,8139,6377,5091,2619,1106,427,144,16,6,177570,7005,6641,8402,11172,13424,15676,18112,14518,15724,14619,14697,12622,8421,6562,5183,2934,1199,473,163,20,6,174996,6830,6525,7640,10609,13457,15351,17287,14395,15067,14570,14223,12922,8944,6723,5217,3190,1319,532,164,30,5,172884,6642,6467,7019,10040,13333,15339,16395,14536,14253,14688,13732,13187,9603,6707,5246,3458,1478,576,152,35,3,171707,6333,6359,6780,9332,13075,15764,15615,14758,13591,14776,13409,13393,10143,6800,5269,3811,1684,623,158,37,3,170849,5904,6276,6626,8681,12671,16410,15033,14886,13019,14612,13357,13431,10653,7032,5371,4071,1918,677,184,37,4,168870,5372,6133,6396,8050,12221,16974,14598,14451,12506,14248,13368,13256,11151,7263,5540,4186,2159,747,213,39,5,166230,4654,5881,6280,7312,11947,17355,14389,13566,12209,13683,13316,12909,11467,7793,5713,4249,2388,834,239,45,7,163518,4017,5518,6158,6689,11554,17505,14439,12766,12083,12868,13387,12519,11732,8430,5725,4269,2614,931,258,49,10,161751,3618,5163,5970,6456,11075,17296,14943,12099,12049,12138,13465,12230,11955,8900,5798,4313,2892,1055,276,53,12
합계,광진구,여자,185118,6757,6685,8346,11020,13621,17258,18327,14670,16471,14914,15863,12840,8653,6858,5432,3634,2110,1096,446,107,15,183577,6633,6445,7736,10620,13674,16779,18073,14215,15945,15181,15379,13467,8912,7127,5548,3873,2203,1178,463,114,16,181676,6465,6283,7108,10155,13797,16332,17370,14184,15282,15309,14772,13872,9568,7321,5613,4019,2387,1240,463,122,17,180388,6260,6198,6603,9568,13964,16276,16619,14330,14524,15478,14158,14217,10363,7416,5699,4188,2598,1310,469,129,25,180213,5952,6058,6462,8881,14048,16770,15877,14619,13872,15587,13829,14498,10938,7563,5887,4542,2771,1393,502,143,27,180367,5597,5904,6373,8264,14116,17378,15373,14931,13216,15424,13986,14395,11497,7765,6142,4840,2971,1481,541,151,27,179247,5122,5776,6148,7711,14078,17916,15050,14620,12691,14916,14194,13970,12140,8013,6381,4972,3207,1570,589,154,33,177554,4454,5608,5980,7088,14123,18620,14784,13789,12501,14182,14252,13439,12578,8608,6581,5050,3393,1697,637,163,34,175473,3824,5282,5877,6544,13912,19052,14672,13020,12412,13319,14325,12902,12883,9361,6682,5086,3571,1872,683,170,29,173962,3431,4869,5706,6428,13320,19043,15002,12334,12470,12591,14367,12642,13000,9909,6829,5203,3860,2023,733,178,28
합계,동대문구,계,357193,13756,13342,15706,19799,25087,28809,32195,28630,30950,27068,29676,26570,19379,16587,14300,8475,4204,1840,664,140,23,357538,13747,13120,14822,19042,25842,28038,31825,28028,30576,27560,29173,27662,19899,16924,14604,9208,4557,2021,732,140,23,355274,13495,12898,13702,18360,26423,27641,30125,27856,29575,27856,28239,28274,21059,17203,14618,9793,5027,2195,757,161,25,350690,12872,12679,12595,17609,26338,27533,28075,27710,28014,28292,27023,28586,22462,17177,14546,10353,5507,2352,760,185,26,345932,12005,12354,12044,16496,25847,27874,26045,27548,26462,28631,26181,28573,23435,17207,14444,11249,5980,2516,817,202,28,342485,11292,11978,11705,15392,25588,28231,24681,27651,25131,28340,26094,27996,24197,17387,14506,11975,6483,2701,907,224,30,340268,10771,11709,11340,14421,25439,28807,24214,27312,24322,27551,26310,27145,25011,17759,14775,12185,6966,2974,977,253,32,337801,9990,11437,11100,13225,25595,29694,24184,26078,24010,26403,26376,26082,25502,18789,15062,12222,7391,3318,1046,263,39,335066,9109,11058,10951,12163,25729,30247,24435,24729,24025,24933,26574,24984,25813,20119,15043,12184,7883,3663,1126,253,50,334024,8422,10675,10841,11834,25569,30435,24965,23531,24404,23741,26757,24317,25933,21119,15131,12208,8643,3989,1207,252,54
합계,동대문구,남자,179112,7002,6869,8069,10258,12854,15145,16736,14831,16193,13889,14642,12970,9322,7760,6718,3611,1498,528,180,35,6,179150,7056,6729,7614,9778,13271,14836,16434,14525,16017,14119,14449,13528,9609,7891,6815,4010,1655,592,188,35,4,177841,6967,6594,7037,9363,13444,14700,15544,14397,15519,14230,14088,13836,10158,8097,6775,4316,1890,651,190,44,4,175335,6644,6474,6449,8960,13250,14691,14523,14309,14657,14391,13636,13980,10864,8119,6706,4593,2144,709,192,45,4,172828,6209,6301,6175,8385,12930,14882,13536,14217,13706,14612,13292,14005,11387,8124,6611,5024,2383,807,199,43,5,170870,5849,6121,6030,7780,12612,15052,12817,14285,12988,14523,13226,13772,11794,8281,6585,5364,2616,899,223,53,5,169318,5555,6013,5820,7259,12243,15316,12567,14091,12606,14113,13314,13405,12174,8517,6711,5433,2865,994,259,66,4,167564,5116,5887,5681,6639,12008,15685,12562,13440,12426,13549,13324,12985,12405,8979,6904,5421,3064,1130,285,71,8,165615,4637,5703,5623,6094,11763,15824,12582,12751,12421,12796,13389,12616,12582,9618,6914,5386,3269,1276,301,65,11,164553,4257,5505,5593,5939,11518,15676,12777,12164,12605,12164,13448,12360,12691,10129,6934,5372,3600,1421,338,55,11
합계,동대문구,여자,178081,6754,6473,7638,9541,12233,13664,15459,13799,14757,13179,15034,13601,10057,8827,7583,4864,2706,1312,484,105,17,178388,6691,6391,7209,9264,12571,13203,15391,13503,14559,13441,14725,14135,10290,9034,7790,5198,2902,1429,544,105,19,177434,6528,6304,6665,8997,12979,12941,14581,13459,14056,13626,14151,14438,10901,9106,7843,5477,3137,1544,567,117,21,175355,6228,6206,6146,8650,13088,12843,13552,13401,13357,13901,13387,14606,11599,9058,7840,5760,3363,1644,568,140,22,173104,5796,6053,5869,8111,12917,12992,12509,13332,12756,14019,12890,14569,12048,9084,7833,6226,3597,1709,618,159,23,171615,5443,5857,5676,7612,12976,13179,11864,13366,12143,13817,12869,14224,12404,9106,7921,6611,3867,1802,684,172,26,170950,5217,5696,5521,7162,13196,13492,11647,13222,11716,13439,12997,13740,12837,9242,8064,6753,4102,1980,718,187,28,170237,4874,5550,5419,6586,13588,14010,11622,12638,11584,12854,13052,13097,13097,9810,8158,6802,4327,2188,761,193,32,169452,4472,5355,5328,6069,13966,14423,11853,11979,11605,12137,13186,12369,13232,10501,8130,6799,4615,2387,825,188,39,169472,4165,5170,5248,5895,14051,14759,12189,11368,11799,11577,13310,11958,13242,10991,8198,6836,5043,2568,869,197,43
합계,중랑구,계,412013,15856,14901,18588,25401,28793,31136,36895,31472,35718,34472,38127,31883,22184,17452,14118,8156,4119,1897,682,142,27,412023,15939,14572,17274,24066,29140,30383,36681,30796,34784,34791,37561,33723,23004,18310,14624,8898,4466,2093,743,146,35,410610,15946,14367,15741,22808,29347,29736,35104,31288,33350,34707,36625,35118,24682,19136,14941,9526,4935,2285,773,160,39,406547,15400,14160,14416,21465,28911,29435,32958,31901,31352,34687,35211,36174,26814,19550,15095,10159,5415,2430,804,178,38,403697,14555,14008,13786,19787,27986,30102,31149,32368,29659,34624,34032,36955,28517,19952,15309,11297,5917,2600,860,203,35,399876,13429,13709,13314,18158,26749,30813,29727,32460,28110,33797,33787,36833,29935,20514,15860,12276,6464,2748,935,232,31,394294,12283,13199,12758,16702,25274,31267,28743,31500,26953,32364,33841,36063,31420,21268,16586,12715,7080,2959,1040,251,31,390233,11147,12723,12421,15135,23984,31890,28443,29818,26968,30631,33613,35135,32694,22863,17331,13002,7672,3326,1151,256,36,386617,9975,12187,12178,13843,22747,32117,28922,28202,27348,28693,33521,33817,33773,24826,17719,13193,8300,3718,1236,268,38,383496,9264,11539,11916,13161,21328,31698,30129,26929,27726,26978,33203,32569,34408,26339,18023,13399,9204,4041,1311,296,40
합계,중랑구,남자,205862,8161,7627,9680,13297,14610,15585,19133,16416,18341,17169,18862,15731,10885,8322,6623,3458,1315,481,146,22,3,205666,8188,7464,8906,12599,14815,15050,19051,16117,17959,17292,18606,16640,11332,8711,6864,3864,1504,517,164,24,4,204630,8156,7353,8080,11927,14884,14756,18176,16435,17230,17246,18129,17321,12106,9130,7009,4205,1733,563,168,25,4,202361,7868,7219,7389,11220,14702,14620,16983,16828,16167,17240,17492,17816,13084,9320,7057,4554,1994,603,174,30,5,200826,7449,7120,7066,10344,14320,14940,16003,17087,15302,17311,16842,18212,13927,9531,7095,5087,2284,677,191,38,5,198698,6887,6985,6811,9412,13706,15334,15212,17096,14605,17032,16574,18148,14626,9856,7323,5501,2576,769,203,43,4,195572,6326,6754,6528,8561,12863,15561,14639,16535,14075,16391,16599,17753,15333,10253,7658,5692,2894,887,222,50,3,193106,5759,6560,6346,7734,12031,15796,14491,15577,14147,15539,16485,17306,15934,11021,8019,5838,3179,1046,252,49,3,190789,5116,6321,6196,7052,11316,15768,14750,14666,14412,14564,16408,16717,16472,11909,8208,5907,3464,1224,272,48,5,188712,4727,5949,6073,6702,10489,15414,15322,13974,14606,13739,16323,16091,16766,12607,8362,5966,3851,1390,300,61,6
합계,중랑구,여자,206152,7696,7274,8908,12104,14183,15551,17762,15056,17377,17303,19265,16152,11300,9130,7495,4698,2804,1416,536,121,24,206357,7751,7108,8368,11467,14325,15333,17631,14679,16825,17499,18955,17083,11673,9599,7760,5034,2962,1576,579,122,31,205980,7790,7014,7662,10881,14464,14980,16928,14854,16120,17462,18496,17797,12577,10006,7932,5322,3203,1722,606,135,35,204186,7532,6941,7027,10245,14209,14815,15975,15073,15185,17447,17719,18359,13730,10231,8039,5605,3421,1827,630,148,33,202871,7106,6888,6720,9443,13666,15162,15146,15281,14358,17313,17190,18743,14590,10422,8214,6211,3634,1923,670,166,30,201178,6542,6724,6503,8746,13043,15479,14515,15364,13505,16765,17214,18686,15309,10658,8538,6775,3888,1979,732,189,27,198722,5958,6445,6230,8141,12411,15707,14105,14966,12878,15973,17242,18310,16088,11015,8929,7023,4187,2072,818,201,28,197128,5388,6163,6076,7401,11953,16094,13953,14241,12821,15092,17128,17830,16760,11843,9313,7164,4493,2280,900,208,33,195828,4859,5866,5982,6791,11432,16349,14172,13536,12937,14129,17113,17100,17301,12917,9512,7286,4836,2494,964,221,34,194785,4537,5591,5843,6459,10840,16284,14807,12956,13120,13239,16880,16479,17642,13733,9662,7434,5353,2651,1011,235,34
합계,성북구,계,471767,20133,20853,23078,26865,32410,35602,40961,39793,44217,36163,37773,32892,23695,20267,17693,10545,5296,2416,915,170,34,464357,19195,20059,21984,25946,32641,33895,39135,37235,43537,36923,36746,33847,23999,20575,17881,11383,5628,2603,936,182,30,455618,18267,19481,20584,25154,32753,32683,36226,35821,41895,37521,35409,34325,25039,20703,17672,11956,6157,2810,936,202,29,447099,17285,19053,19343,24425,32470,31972,33333,34986,39397,38585,33945,34485,26565,20382,17325,12544,6788,3005,970,217,30,439323,16019,18473,18784,23449,31791,31858,30672,34370,36755,39617,33057,34211,27613,20177,17031,13605,7337,3206,1039,234,32,432109,14704,17726,18347,22411,31200,32068,28661,33818,34061,39633,33219,33477,28332,20356,16978,14383,7921,3378,1144,265,33,431427,13837,17290,17756,21682,31437,33044,28067,33239,32280,39289,34267,33047,29557,20793,17333,14614,8673,3621,1285,287,35,432206,12937,16942,17406,20579,32047,34142,28191,32090,31746,38196,35425,32450,30548,21966,17793,14645,9286,4040,1444,302,37,427809,11741,16310,17254,19191,31778,34136,28262,30361,31606,36022,36568,31318,31071,23580,17792,14547,9843,4505,1573,319,38,426764,10947,15638,17106,18863,31445,33798,28839,28867,31932,34104,37798,30933,31371,24948,17889,14516,10804,4922,1663,343,43
합계,성북구,남자,232188,10310,10793,11884,13891,15985,17761,20680,19992,22775,18119,18329,15759,11189,9307,8159,4493,1824,657,244,31,12,228180,9813,10355,11366,13328,16137,16862,19709,18670,22291,18596,17830,16198,11429,9410,8217,4934,2029,711,254,36,9,223373,9318,10032,10617,12849,16176,16341,18234,17853,21307,18925,17253,16406,11956,9464,8104,5180,2290,783,242,39,8,218629,8811,9817,9965,12393,15909,16138,16735,17389,19850,19430,16657,16521,12625,9330,7882,5430,2602,858,243,43,7,214392,8157,9518,9690,11863,15456,16207,15331,17056,18318,19969,16275,16476,13079,9280,7615,5960,2873,958,255,53,7,210416,7520,9098,9488,11320,15004,16371,14299,16787,16869,19913,16407,16163,13402,9421,7492,6312,3131,1075,275,64,9,209414,7117,8832,9187,10961,14799,16864,13944,16552,15950,19549,17028,15949,13985,9707,7585,6358,3457,1211,308,68,9,209002,6641,8637,8954,10433,14747,17334,14031,15953,15679,18857,17626,15742,14438,10273,7773,6362,3718,1386,352,62,8,206300,6037,8299,8821,9726,14456,17175,14158,15082,15615,17724,18120,15329,14685,10962,7821,6275,3974,1588,393,60,6,205398,5653,7934,8741,9544,14251,16897,14496,14355,15769,16659,18721,15164,14855,11579,7939,6162,4418,1760,439,61,7
합계,성북구,여자,239579,9823,10061,11194,12974,16425,17842,20282,19801,21442,18045,19444,17133,12506,10960,9534,6052,3472,1760,671,139,23,236177,9382,9704,10618,12618,16504,17033,19426,18565,21246,18328,18917,17649,12571,11166,9664,6449,3599,1893,682,146,21,232245,8949,9449,9967,12305,16577,16342,17992,17968,20589,18596,18157,17919,13084,11239,9568,6776,3867,2027,695,163,21,228471,8474,9236,9378,12033,16561,15835,16598,17597,19547,19155,17289,17964,13940,11052,9444,7114,4186,2147,727,175,24,224932,7862,8956,9094,11586,16335,15652,15341,17314,18437,19648,16783,17735,14534,10897,9416,7645,4464,2248,784,182,25,221693,7184,8628,8859,11091,16196,15697,14362,17031,17192,19720,16812,17314,14930,10935,9486,8071,4790,2304,870,201,24,222013,6720,8458,8569,10721,16638,16180,14123,16687,16331,19740,17240,17099,15573,11086,9748,8256,5216,2411,977,220,26,223205,6296,8305,8453,10146,17301,16808,14160,16137,16067,19339,17799,16708,16110,11693,10020,8283,5568,2655,1092,240,29,221510,5704,8012,8433,9465,17322,16961,14104,15279,15991,18298,18449,15989,16387,12618,9971,8272,5870,2917,1180,260,32,221366,5294,7704,8365,9319,17195,16902,14343,14512,16163,17445,19077,15770,16516,13369,9950,8354,6386,3162,1224,282,37
합계,강북구,계,334981,12902,12217,15286,19693,21386,23033,28818,26830,29911,26281,28406,25042,19221,16968,14543,8159,3873,1650,624,127,16,331078,12376,11714,14295,18886,21715,21778,27511,25425,29187,26767,27848,25993,19388,17401,15003,8959,4196,1834,656,138,15,327184,11690,11426,13119,18041,22190,21062,25490,24750,28006,27066,27131,26768,20318,17765,15192,9679,4615,2037,679,149,19,323127,10900,11231,12017,17156,22154,20964,23435,24486,26293,27551,26199,27404,21710,17821,15118,10407,5186,2194,715,165,25,319965,10057,10972,11422,16023,21739,21688,21578,24232,24689,28016,25466,27783,22743,17832,15001,11556,5814,2363,781,187,28,316094,9099,10576,10963,14947,21282,22361,20084,23753,23106,27735,25454,27579,23554,17836,15202,12541,6402,2539,842,215,29,310926,8130,10030,10476,13869,20615,22700,19107,22596,21766,26975,25745,26923,24446,17992,15629,12952,7074,2715,929,234,28,305512,7144,9409,10145,12602,19882,22976,18575,20838,21075,25765,25879,26042,25091,18882,16002,13171,7678,3051,1037,246,26,299249,6153,8763,9865,11475,18945,22770,18436,19125,20563,23954,26172,24942,25553,20094,16110,13136,8270,3525,1117,256,32,293602,5381,8072,9512,10852,18019,22228,18701,17552,20213,22225,26321,24086,25710,20960,16149,13021,9209,3927,1171,261,38
합계,강북구,남자,165436,6632,6272,8007,10333,10779,11719,15014,13865,15316,13114,13625,11836,8788,7706,6769,3629,1374,477,164,19,1,163206,6354,6007,7479,9844,10973,11078,14346,13125,14975,13306,13474,12342,8877,7835,6933,3973,1559,540,169,21,2,161055,5995,5878,6815,9371,11215,10713,13344,12820,14407,13418,13231,12768,9352,7929,6944,4277,1784,604,163,26,4,158823,5605,5741,6226,8881,11221,10586,12252,12801,13575,13655,12864,13051,10075,7939,6805,4614,2077,654,167,34,5,156867,5149,5610,5900,8266,10952,10885,11309,12731,12684,13966,12492,13200,10659,7953,6650,5129,2383,720,189,41,5,154588,4636,5452,5613,7736,10513,11247,10541,12491,11808,13937,12430,13152,11105,8002,6678,5546,2632,798,217,51,6,151816,4145,5192,5363,7172,9967,11474,9984,11903,11186,13626,12546,12937,11573,8138,6816,5705,2886,899,249,57,6,148977,3669,4884,5222,6486,9448,11620,9712,10992,10902,13046,12658,12590,11906,8609,6946,5734,3144,1069,282,58,5,145729,3179,4551,5072,5886,8927,11506,9614,10082,10713,12140,12883,12171,12091,9228,6994,5621,3414,1293,303,62,7,142640,2768,4158,4879,5519,8426,11202,9710,9260,10573,11269,13031,11799,12153,9690,7032,5501,3793,1487,326,60,10
합계,강북구,여자,169545,6270,5945,7279,9360,10607,11314,13804,12965,14595,13167,14781,13206,10434,9263,7774,4530,2500,1173,460,108,15,167873,6022,5707,6816,9042,10742,10700,13165,12300,14213,13461,14374,13651,10511,9566,8070,4987,2637,1295,487,117,13,166130,5695,5549,6304,8670,10975,10349,12146,11930,13599,13648,13900,14000,10967,9836,8248,5402,2831,1433,516,123,15,164304,5295,5491,5791,8275,10934,10378,11183,11685,12719,13896,13335,14353,11636,9882,8314,5793,3109,1540,549,132,20,163098,4908,5363,5522,7757,10787,10804,10269,11501,12006,14051,12974,14583,12085,9879,8352,6428,3432,1644,592,147,23,161507,4463,5124,5350,7211,10769,11114,9543,11262,11298,13798,13025,14427,12449,9834,8524,6996,3770,1741,625,164,23,159110,3985,4838,5114,6697,10648,11226,9123,10694,10581,13349,13199,13987,12874,9854,8814,7247,4188,1816,681,178,22,156535,3475,4526,4924,6116,10434,11356,8863,9847,10174,12719,13221,13452,13185,10273,9056,7437,4535,1983,756,188,22,153520,2974,4213,4793,5589,10018,11264,8822,9043,9850,11814,13290,12771,13463,10866,9116,7516,4856,2232,814,195,25,150962,2613,3914,4633,5333,9593,11026,8992,8292,9641,10956,13290,12288,13557,11270,9117,7520,5416,2440,845,202,28
합계,도봉구,계,356182,13630,14123,18240,23585,24929,24691,28169,26151,31612,29566,32515,27836,18569,14761,12864,7857,4277,1980,662,148,22,352014,13221,13482,16965,22486,24976,23570,27441,24892,30532,29707,31597,29210,19305,15354,13139,8501,4555,2168,741,150,27,348310,12873,13133,15516,21435,24893,22932,25914,24720,29060,29808,30421,30102,20879,15979,13221,9109,4971,2362,802,152,32,345444,12405,13068,14153,20441,24492,22694,24333,24938,27340,30188,29096,30797,22935,16422,13334,9739,5477,2541,854,168,32,341842,11591,12702,13461,19063,23860,22937,22552,24902,25705,30278,28175,31066,24593,16927,13446,10734,5930,2769,927,193,35,337404,10653,12180,12962,17578,23042,23202,21086,24667,24012,29680,28110,30627,25981,17471,13855,11606,6387,3016,1029,227,38,332026,9684,11715,12280,16319,21945,23255,20102,23899,22629,28668,28281,29762,27318,18150,14456,11936,6983,3225,1127,258,41,325050,8516,11182,11793,14777,20811,23066,19396,22360,21936,27131,28236,28558,28136,19603,14988,12010,7531,3487,1231,265,43,317795,7396,10491,11540,13336,19698,22526,19126,20632,21621,25125,28428,27239,28491,21345,15287,11992,8077,3805,1322,277,47,312180,6540,9756,11207,12638,18363,21931,19422,19097,21499,23372,28400,26347,28561,22664,15575,12040,8935,4093,1398,302,45
합계,도봉구,남자,175876,7106,7274,9406,12454,12817,12674,14291,13098,15533,14294,15424,13625,9233,7093,6025,3243,1496,590,176,29,2,173632,6921,6954,8722,11778,12908,12044,13985,12522,15049,14281,15072,14126,9614,7400,6174,3588,1609,659,195,35,2,171576,6740,6763,7954,11180,12918,11709,13246,12464,14342,14364,14539,14420,10326,7702,6231,3925,1787,730,202,37,2,169881,6452,6745,7238,10606,12735,11585,12530,12583,13510,14539,14008,14642,11209,7914,6252,4269,2010,805,209,41,3,167745,5978,6565,6887,9842,12434,11643,11692,12558,12725,14592,13617,14661,11979,8155,6245,4774,2246,868,240,45,4,165214,5479,6298,6666,9048,11922,11816,10890,12487,11931,14368,13447,14475,12585,8438,6412,5206,2484,936,275,51,5,162391,5016,6034,6326,8401,11227,11936,10301,12176,11309,13949,13418,14145,13086,8814,6729,5374,2763,1021,300,62,9,158708,4444,5746,6060,7619,10562,11850,9931,11420,11002,13253,13402,13571,13369,9489,6999,5415,3043,1129,333,64,12,154771,3885,5406,5930,6876,9929,11524,9768,10566,10891,12273,13502,13022,13432,10212,7158,5367,3345,1255,362,62,12,151706,3441,5040,5770,6513,9175,11124,9899,9839,10843,11453,13535,12653,13355,10790,7323,5348,3758,1395,377,71,10
합계,도봉구,여자,180306,6524,6849,8835,11132,12112,12017,13879,13053,16079,15273,17092,14211,9336,7668,6840,4615,2781,1390,486,119,21,178382,6300,6529,8243,10708,12069,11526,13456,12370,15483,15426,16525,15084,9692,7954,6965,4913,2947,1509,546,116,26,176735,6134,6370,7562,10255,11976,11223,12668,12256,14718,15445,15883,15682,10553,8278,6991,5185,3184,1632,601,115,30,175563,5953,6323,6915,9835,11757,11110,11803,12356,13830,15649,15089,16156,11726,8509,7083,5470,3467,1736,645,128,29,174097,5613,6137,6574,9221,11426,11294,10860,12344,12981,15686,14558,16406,12615,8773,7201,5961,3684,1901,687,149,31,172191,5174,5883,6296,8530,11120,11386,10196,12180,12081,15312,14664,16152,13396,9033,7443,6400,3904,2081,755,177,33,169636,4668,5681,5954,7918,10719,11319,9801,11724,11320,14719,14863,15617,14232,9336,7727,6562,4220,2204,828,196,32,166343,4072,5436,5733,7159,10249,11216,9465,10940,10935,13878,14834,14987,14767,10114,7989,6595,4489,2359,898,201,32,163024,3511,5085,5610,6460,9770,11002,9358,10066,10730,12853,14926,14218,15059,11133,8129,6626,4732,2550,960,215,35,160474,3100,4716,5437,6126,9188,10807,9523,9258,10656,11919,14865,13694,15206,11875,8253,6692,5177,2698,1021,231,35
합계,노원구,계,587991,23633,26025,36705,44831,41835,36976,45916,45293,56606,51392,50611,40136,26684,20295,17931,11772,6798,3177,1142,203,36,580905,22831,24804,34455,43275,42276,35779,44250,43105,54797,52062,49464,42112,27762,21142,18170,12495,7229,3404,1246,210,40,572941,22111,23921,31766,41828,42496,35023,41369,42084,52172,52632,47936,43424,29764,22236,18125,13079,7724,3682,1296,236,43,565245,21331,23386,29095,40410,42418,34746,38561,41638,48817,53560,46159,44198,32404,22894,18071,13750,8242,3912,1335,285,39,555098,19959,22645,27528,38172,41835,34891,35435,40919,45400,53835,44755,44298,34285,23469,18123,14865,8783,4143,1392,331,39,543268,18056,21593,26438,35586,40944,35182,32602,39800,42101,52809,44534,43685,35720,24318,18563,15682,9353,4418,1480,368,40,532512,16202,20715,25203,33256,39720,35340,30893,37839,39552,51145,45165,42687,37311,25297,19486,15933,9974,4751,1609,399,39,522235,14383,20055,24379,30486,38164,35323,30143,35290,38354,48708,45804,41257,38306,27039,20473,16055,10549,5194,1813,414,50,512275,12811,19077,23811,27810,36470,34760,30262,33180,37616,45540,46645,39641,38958,29398,20927,16104,11134,5626,2017,424,67,504265,11686,17769,22912,26676,34942,33739,31047,31131,36992,42550,47264,38599,39380,31258,21396,16236,12049,5978,2140,453,74
합계,노원구,남자,287151,12036,13405,19108,23724,21895,18423,22792,22183,26860,25100,24598,19444,12819,9192,7775,4407,2207,851,286,43,8,283377,11629,12763,17917,22795,22185,17930,21954,21160,25982,25312,24106,20249,13388,9635,7917,4783,2400,908,317,43,9,279169,11273,12320,16466,21994,22236,17638,20536,20730,24707,25513,23464,20733,14334,10182,7916,5162,2581,1019,310,50,10,275148,10909,12021,15040,21210,22176,17650,19056,20644,23181,25786,22693,21085,15467,10543,7903,5523,2776,1121,300,62,7,269939,10236,11608,14270,19940,21900,17884,17509,20356,21592,25798,21984,21140,16279,10894,7925,6031,2997,1214,309,71,5,263818,9296,11069,13721,18559,21288,18183,16192,19758,20039,25277,21791,20835,16868,11370,8158,6439,3234,1335,329,78,4,258062,8357,10636,13092,17341,20465,18360,15433,18707,18875,24389,22031,20419,17444,11889,8619,6590,3523,1432,371,89,5,252410,7386,10320,12683,15835,19510,18336,15114,17460,18318,23153,22293,19824,17803,12668,9086,6658,3863,1558,447,92,7,246952,6594,9822,12358,14431,18528,17956,15181,16427,17997,21597,22583,19144,18118,13664,9362,6700,4170,1717,510,89,9,242589,6064,9124,11886,13838,17686,17375,15515,15478,17792,20099,22776,18659,18349,14462,9652,6779,4557,1863,539,91,11
합계,노원구,여자,300840,11597,12620,17597,21107,19940,18553,23125,23111,29746,26293,26013,20692,13865,11103,10156,7365,4591,2326,856,161,28,297528,11202,12041,16539,20481,20091,17849,22297,21945,28815,26750,25359,21863,14375,11507,10253,7712,4829,2497,929,167,31,293772,10838,11602,15300,19834,20260,17385,20834,21354,27465,27120,24472,22691,15430,12054,10209,7917,5143,2663,986,186,33,290097,10422,11365,14056,19201,20242,17096,19505,20994,25636,27774,23466,23113,16938,12351,10168,8227,5467,2792,1035,223,32,285159,9723,11038,13258,18232,19935,17007,17926,20563,23808,28037,22771,23158,18007,12576,10199,8834,5786,2929,1083,260,35,279450,8760,10524,12717,17028,19656,16999,16410,20043,22062,27532,22743,22851,18853,12949,10405,9243,6119,3084,1152,290,36,274450,7845,10079,12111,15915,19256,16980,15460,19133,20677,26756,23134,22268,19867,13408,10868,9343,6451,3319,1238,310,34,269826,6997,9736,11696,14652,18655,16987,15029,17830,20036,25556,23511,21433,20503,14371,11387,9397,6686,3636,1367,322,43,265323,6217,9255,11453,13379,17942,16804,15081,16753,19619,23944,24062,20498,20841,15734,11566,9404,6964,3909,1508,335,58,261676,5623,8645,11026,12838,17256,16364,15532,15654,19200,22451,24489,19940,21031,16796,11744,9457,7493,4116,1601,362,63
합계,은평구,계,494712,21363,20987,25051,30231,31483,33630,44091,41623,45547,38524,40786,35185,25693,21646,18617,11112,5558,2514,878,170,29,493515,20726,20316,23782,29292,32139,32608,43038,40017,45269,39421,40228,36861,26296,22511,19022,12088,5984,2724,987,180,31,490516,19852,19936,21983,28529,32571,32103,40507,39705,44021,40284,39129,38039,27765,23233,19163,12966,6528,2960,1031,186,30,486579,18858,19685,20429,27570,32447,32131,37507,39839,41986,41504,37798,38892,29782,23403,19185,13828,7253,3191,1067,201,28,480967,17434,19102,19726,26021,31785,32794,34467,39510,39814,42498,36845,39181,31350,23374,19179,15050,8016,3416,1149,232,28,476895,16066,18328,19148,24592,31021,33772,32639,39175,37529,42663,37058,38882,32708,23637,19606,16094,8801,3624,1256,270,30,473512,14901,17612,18416,23240,30110,35049,31851,38238,35686,42074,37743,38143,34193,24227,20308,16477,9658,3890,1369,301,33,471906,13567,17096,18061,21493,29568,36466,31944,36499,35223,40886,38488,37116,35506,25715,21022,16630,10437,4346,1487,324,38,469877,12184,16469,17809,20008,28798,36973,32719,34485,35380,38895,39728,35992,36605,27746,21269,16748,11171,4941,1587,336,41,465728,11176,15517,17380,19363,27319,36562,33818,32274,35437,36830,40652,35191,37069,29235,21344,16834,12151,5532,1658,348,43
합계,은평구,남자,242460,10985,10831,12936,15578,15953,16431,22093,21060,23006,18954,19579,16643,12019,9984,8715,4754,1990,707,208,35,4,241447,10678,10487,12259,15052,16310,15922,21532,20190,22829,19368,19392,17434,12306,10378,8825,5220,2192,785,248,39,6,239450,10213,10269,11338,14610,16540,15661,20238,19994,22172,19815,18868,17965,12960,10659,8828,5664,2469,885,260,42,6,236921,9689,10120,10549,14091,16451,15642,18696,20015,21100,20411,18287,18346,13888,10690,8695,6122,2838,980,270,41,5,233677,8971,9823,10214,13291,16027,16040,17092,19863,19932,20901,17822,18521,14615,10667,8553,6724,3203,1091,284,45,4,231023,8218,9438,9925,12536,15507,16517,16096,19765,18704,21013,17846,18432,15239,10791,8705,7180,3557,1192,304,57,5,228641,7586,9069,9515,11831,14922,17033,15620,19294,17729,20688,18239,18100,15959,11050,9023,7301,3952,1306,352,72,6,227029,6907,8792,9280,10950,14474,17554,15605,18358,17496,20074,18684,17606,16594,11687,9333,7316,4322,1513,403,80,8,225163,6229,8479,9104,10224,13961,17566,15909,17227,17605,19103,19248,17147,17094,12603,9415,7267,4695,1768,434,80,8,222447,5752,7973,8885,9936,13188,17095,16458,16000,17656,18067,19706,16791,17346,13302,9411,7189,5150,1992,467,78,10
합계,은평구,여자,252253,10378,10156,12115,14653,15530,17199,21998,20564,22542,19570,21207,18542,13674,11662,9902,6359,3568,1807,670,135,26,252069,10048,9829,11524,14240,15829,16687,21507,19827,22440,20053,20836,19427,13991,12133,10198,6869,3792,1939,739,141,26,251066,9640,9667,10645,13920,16031,16442,20269,19711,21849,20469,20261,20074,14805,12574,10336,7303,4059,2076,771,145,24,249658,9169,9566,9880,13479,15996,16489,18811,19825,20886,21093,19511,20546,15895,12713,10491,7706,4415,2212,797,160,24,247290,8464,9279,9513,12731,15758,16755,17375,19647,19883,21597,19023,20661,16736,12707,10626,8326,4813,2325,866,188,24,245872,7849,8890,9223,12056,15514,17256,16544,19410,18825,21650,19212,20450,17470,12847,10901,8914,5244,2432,952,214,25,244872,7315,8543,8901,11409,15188,18016,16231,18944,17957,21386,19504,20044,18235,13177,11285,9177,5707,2584,1017,229,27,244877,6660,8304,8781,10543,15094,18912,16339,18141,17727,20813,19804,19510,18912,14028,11689,9315,6115,2833,1085,244,31,244714,5955,7990,8705,9784,14837,19407,16810,17258,17775,19792,20480,18845,19511,15143,11854,9481,6476,3173,1153,256,33,243281,5424,7545,8495,9427,14131,19468,17360,16274,17781,18763,20946,18400,19723,15933,11933,9645,7002,3540,1191,270,33
합계,서대문구,계,308467,11756,11514,14582,18544,21915,24156,26719,24049,27883,24302,25217,21286,15444,13717,12783,8032,4008,1790,634,125,16,306297,11491,11018,13695,17701,22450,23597,25986,22856,27245,24678,24879,22331,15728,14007,12781,8791,4273,1933,712,131,20,305199,11355,10863,12772,16967,23071,23453,24686,22682,26272,25185,24383,23008,16508,14254,12601,9364,4731,2132,755,141,21,306663,11431,11010,12045,16437,23330,23764,23748,23274,25008,26217,23868,23679,17825,14220,12468,9747,5350,2288,782,159,19,306765,11076,11028,11637,15688,23099,24439,22617,23624,23744,26903,23633,24212,18892,14081,12335,10400,5882,2450,834,173,22,304797,10454,11008,11260,14803,22721,25106,21582,23695,22571,26580,23776,24062,19722,14132,12321,10901,6334,2646,904,194,30,303057,9797,10961,10898,14043,22372,25798,21182,23355,21655,25894,24106,23698,20582,14358,12466,10904,6888,2856,989,222,36,304074,9252,10997,10819,13182,22332,26807,21463,22908,21606,25117,24571,23312,21262,15104,12690,10763,7323,3187,1096,246,43,303145,8559,10930,10697,12255,22017,27189,22025,22200,21834,23713,25159,22589,21824,16229,12588,10626,7626,3601,1183,258,48,302244,7937,10674,10609,11850,21593,26949,22687,21323,22179,22424,25684,22130,22238,17225,12449,10557,8212,3951,1259,267,51
합계,서대문구,남자,150584,6149,5836,7572,9498,10871,12037,13555,12110,14075,11969,12268,10120,7125,6127,5761,3386,1434,509,158,27,4,149374,6003,5586,7078,9065,11130,11836,13089,11550,13709,12201,12083,10676,7345,6239,5716,3745,1547,577,176,23,5,148690,5898,5533,6546,8629,11484,11830,12382,11440,13206,12503,11850,11062,7758,6335,5580,4013,1769,658,187,27,4,149095,5916,5619,6113,8336,11577,11963,11883,11706,12507,12971,11701,11416,8384,6342,5479,4180,2054,717,198,34,4,148603,5710,5591,5873,7996,11242,12345,11284,11821,11775,13279,11574,11720,8913,6323,5387,4473,2282,778,208,30,5,147161,5371,5571,5685,7547,10792,12784,10730,11774,11207,13102,11546,11644,9367,6397,5343,4672,2501,872,222,33,6,145941,5068,5555,5489,7107,10425,13126,10551,11554,10803,12753,11678,11422,9804,6572,5382,4638,2745,966,260,41,6,145927,4820,5527,5459,6607,10237,13479,10688,11350,10723,12395,11928,11240,10103,6990,5462,4551,2915,1100,305,47,7,145049,4466,5460,5396,6110,9965,13505,10886,11023,10826,11690,12220,10972,10405,7529,5422,4482,3033,1270,330,53,8,144166,4115,5354,5357,5872,9707,13241,11189,10553,11017,10956,12483,10742,10666,7973,5385,4434,3294,1407,363,54,10
합계,서대문구,여자,157883,5607,5678,7011,9046,11044,12119,13164,11939,13809,12333,12949,11166,8319,7591,7022,4647,2575,1282,477,99,13,156923,5488,5432,6617,8636,11320,11761,12897,11306,13536,12478,12797,11655,8383,7769,7065,5046,2727,1356,536,108,16,156510,5457,5330,6227,8339,11588,11624,12304,11242,13067,12682,12533,11946,8750,7919,7021,5351,2962,1474,568,114,17,157568,5515,5391,5932,8102,11753,11801,11865,11568,12501,13247,12168,12263,9441,7879,6989,5567,3296,1572,584,125,15,158162,5367,5437,5764,7692,11857,12095,11333,11803,11970,13625,12059,12492,9980,7758,6949,5927,3600,1672,627,143,17,157636,5083,5437,5575,7256,11930,12322,10852,11921,11364,13478,12231,12419,10355,7736,6979,6229,3833,1774,682,162,24,157117,4730,5406,5410,6936,11947,12673,10631,11801,10853,13141,12429,12277,10778,7786,7084,6266,4143,1890,729,181,30,158147,4432,5471,5361,6576,12095,13328,10776,11558,10883,12722,12644,12072,11159,8114,7228,6213,4408,2087,791,199,36,158096,4093,5470,5301,6145,12052,13684,11139,11177,11008,12023,12940,11617,11419,8701,7166,6144,4594,2332,853,205,40,158078,3823,5320,5252,5978,11887,13708,11499,10770,11163,11469,13201,11388,11572,9252,7064,6124,4919,2544,897,213,41
합계,마포구,계,376909,16423,16077,17492,20282,24627,31973,38661,35358,36064,27837,28236,23587,16995,14919,13068,8273,4302,1873,708,135,23,377447,16057,15704,16875,19706,25337,31527,38615,34050,36155,28816,28078,24589,17181,15084,13214,8809,4670,2068,745,150,23,379968,16038,15542,15974,19342,26196,31577,38166,34089,35631,29902,27837,25575,18121,15150,13169,9282,5121,2280,791,161,29,376342,15782,15296,14941,18649,26227,31415,36589,34015,34062,31052,26871,26030,19200,14807,12857,9608,5493,2432,804,181,34,369596,15009,14779,14477,17543,25626,31672,34284,33750,32201,31932,25992,25878,19844,14488,12482,10147,5846,2595,810,213,35,367177,14129,14199,14382,16700,25304,32834,32691,33818,30607,32346,26188,25678,20528,14509,12456,10642,6256,2785,859,233,36,366807,13311,13778,14069,16058,25249,34209,32044,33496,29475,32301,26946,25412,21424,14667,12625,10796,6694,3009,977,234,38,365392,12165,13517,13759,15098,25345,35313,31845,32514,28961,31587,27642,24955,22042,15391,12716,10766,7062,3318,1125,235,42,364220,10904,13338,13621,14247,25138,35949,32082,31352,29001,30417,28807,24395,22600,16603,12602,10636,7385,3614,1248,243,45,362720,9823,12843,13397,14045,24402,35969,32873,29957,29202,29113,29928,24039,23035,17536,12600,10494,7944,3875,1345,258,47
합계,마포구,남자,182275,8505,8237,8950,10428,11821,15033,18732,17523,18342,13905,13704,11059,7710,6601,5925,3436,1580,563,193,26,7,182233,8254,8066,8625,10048,12197,14848,18712,16777,18250,14436,13663,11622,7850,6603,5953,3711,1740,640,204,34,5,182977,8194,7974,8147,9812,12624,14770,18545,16653,17894,14959,13577,12124,8367,6633,5862,3960,1913,720,209,39,6,180620,8042,7811,7593,9459,12564,14617,17623,16607,16949,15472,13162,12423,8921,6490,5636,4146,2063,789,204,47,7,176703,7653,7532,7349,8882,12132,14718,16240,16563,15793,15863,12740,12472,9225,6385,5395,4397,2241,854,212,55,7,174776,7215,7207,7292,8436,11794,15261,15308,16555,14920,15986,12774,12465,9548,6420,5307,4616,2438,938,235,61,6,173821,6834,6927,7134,8101,11545,15849,14853,16337,14298,15863,13194,12364,9997,6546,5322,4660,2634,1027,271,64,6,172413,6280,6758,7001,7612,11339,16218,14644,15852,13949,15475,13580,12160,10308,6983,5346,4579,2814,1132,316,64,7,171374,5639,6714,6906,7178,11018,16417,14826,15167,14027,14811,14069,11963,10635,7599,5313,4455,2973,1247,354,59,10,170317,5098,6501,6785,7068,10607,16271,15364,14316,14239,14029,14568,11776,10957,8010,5376,4341,3204,1351,391,59,11
합계,마포구,여자,194634,7918,7840,8543,9855,12807,16940,19929,17835,17722,13932,14532,12529,9285,8318,7143,4837,2723,1311,515,109,17,195214,7803,7638,8250,9659,13140,16679,19904,17273,17905,14380,14416,12967,9331,8481,7261,5099,2930,1428,541,117,18,196992,7844,7568,7828,9530,13573,16808,19621,17436,17737,14943,14260,13451,9754,8517,7307,5322,3208,1560,582,122,24,195722,7740,7485,7348,9190,13663,16799,18966,17409,17114,15580,13709,13608,10279,8317,7221,5462,3431,1643,600,135,27,192893,7357,7247,7128,8661,13494,16954,18044,17187,16408,16069,13252,13407,10619,8103,7087,5750,3606,1741,598,158,29,192401,6914,6992,7091,8264,13510,17574,17384,17263,15687,16360,13415,13213,10980,8089,7149,6026,3818,1848,625,172,30,192986,6478,6851,6935,7957,13704,18360,17192,17159,15177,16438,13752,13048,11428,8121,7303,6137,4061,1982,706,170,32,192979,5885,6759,6758,7487,14007,19095,17201,16662,15012,16112,14062,12795,11735,8408,7370,6187,4248,2187,810,171,35,192846,5265,6625,6715,7069,14120,19532,17256,16185,14974,15606,14738,12432,11966,9004,7290,6182,4412,2367,894,184,36,192403,4725,6343,6612,6977,13795,19698,17510,15642,14963,15084,15360,12263,12079,9526,7224,6153,4740,2524,954,199,36
합계,양천구,계,489073,18397,21947,32255,39834,34293,31558,37086,35767,47610,46408,43946,33775,22380,15986,12217,7834,4662,2186,757,160,19,484474,17942,21360,30146,38290,34784,30406,36382,34521,45757,46492,43528,35370,23383,17005,12587,8298,4802,2390,848,160,30,480433,17764,21105,28056,36756,35148,29842,34834,34288,43757,46481,42515,36537,25116,18022,12818,8698,5033,2578,890,164,35,475846,17461,21215,26317,35103,34679,29689,33024,34618,41399,46893,40995,37241,27139,18675,13069,9113,5366,2716,913,191,35,468984,16577,20978,25432,32977,33451,29824,30695,34778,39045,46962,39684,37637,28523,19300,13466,9793,5776,2874,962,223,33,462235,15318,20435,25095,30927,32192,30007,28500,34713,37131,46103,39418,37372,29679,20147,14226,10431,6169,3047,1035,263,31,455765,13900,20039,24632,29037,30839,30251,27098,33597,35862,44819,39612,36732,31071,21084,15195,10810,6534,3218,1126,280,34,450971,12535,19785,24549,27028,29495,30526,26408,31828,35689,43226,39755,35972,32178,22822,16254,11087,6875,3416,1229,282,36,446398,11295,19218,24647,25393,28006,30273,26289,29965,35829,41154,40368,34916,33088,24912,17072,11432,7256,3619,1331,299,42,440982,10199,18074,24263,24743,26314,29570,26757,27813,35540,39183,40859,34058,33816,26508,17851,11935,7882,3832,1429,316,48
합계,양천구,남자,242798,9518,11383,16991,21359,17762,15696,18593,17194,22303,23057,22142,16678,11353,7968,5644,2960,1425,567,175,31,2,240150,9256,11039,15828,20511,18140,15085,18191,16685,21376,22890,22030,17361,11763,8487,5904,3242,1512,618,203,30,4,237792,9167,10830,14710,19614,18426,14765,17451,16617,20448,22775,21490,17894,12475,9002,6077,3501,1627,686,204,33,5,235293,8977,10914,13779,18633,18223,14749,16584,16823,19371,22865,20739,18224,13300,9326,6226,3786,1802,727,201,44,4,231527,8452,10847,13303,17413,17611,14909,15333,16932,18298,22803,20007,18475,13856,9586,6452,4216,1987,783,218,49,4,227757,7786,10549,13129,16244,16931,15090,14152,16925,17488,22327,19686,18447,14317,9918,6842,4606,2165,861,238,57,5,224129,7095,10323,12863,15184,16141,15276,13437,16362,16911,21676,19719,18180,14900,10305,7286,4846,2372,922,270,60,6,221368,6459,10177,12786,14110,15345,15347,13136,15500,16815,20928,19769,17800,15382,11054,7821,5009,2577,981,311,57,8,218811,5862,9835,12853,13261,14473,15156,13160,14585,16897,19903,20059,17315,15811,11932,8235,5171,2834,1072,333,58,9,215827,5321,9226,12628,12925,13497,14820,13468,13546,16802,18879,20300,16878,16190,12573,8569,5415,3203,1179,336,70,9
합계,양천구,여자,246275,8879,10564,15264,18475,16531,15862,18493,18573,25307,23351,21805,17097,11028,8018,6573,4874,3237,1619,582,129,17,244324,8686,10321,14318,17779,16644,15321,18192,17836,24381,23603,21498,18009,11620,8518,6683,5056,3290,1772,645,131,26,242641,8598,10275,13346,17142,16723,15077,17383,17672,23309,23707,21026,18644,12641,9020,6741,5197,3406,1892,687,131,30,240553,8485,10301,12539,16470,16456,14940,16440,17795,22028,24029,20256,19017,13839,9349,6843,5327,3564,1989,712,147,31,237457,8125,10131,12129,15564,15841,14916,15362,17846,20747,24159,19678,19163,14668,9714,7015,5577,3789,2091,744,174,29,234479,7532,9886,11967,14684,15262,14917,14349,17788,19644,23776,19732,18925,15362,10229,7385,5825,4004,2186,798,207,26,231636,6805,9716,11769,13853,14698,14976,13661,17235,18951,23143,19894,18552,16171,10779,7909,5964,4162,2297,856,220,28,229603,6076,9608,11763,12918,14150,15180,13272,16328,18874,22298,19986,18173,16796,11768,8433,6079,4298,2435,919,225,28,227588,5433,9384,11794,12132,13533,15117,13129,15380,18932,21251,20309,17601,17277,12980,8837,6261,4422,2547,998,241,34,225155,4878,8848,11635,11818,12817,14750,13289,14267,18738,20305,20559,17180,17626,13936,9282,6520,4679,2653,1094,246,39
합계,강서구,계,561544,25263,23487,27442,34296,38010,43327,55877,48221,48451,42690,48038,41459,28690,20826,15679,9813,5909,2849,1007,184,32,570667,26058,23322,26480,33102,38848,42972,56602,48565,49092,43565,47214,44005,30364,22726,16462,10519,6292,3120,1111,211,40,580631,26842,23493,25168,32167,39695,43447,55779,50388,49382,44544,46123,46065,32932,24622,17078,11235,6774,3421,1191,248,41,585425,26737,23760,23577,31011,39676,44553,54144,52199,48510,45723,44335,47371,35978,25621,17681,12018,7262,3678,1270,283,43,591554,25864,24052,22960,29493,39083,47055,52651,54330,47674,47155,42868,48126,38446,26523,18612,13288,7709,3931,1379,315,46,592309,24043,23866,22607,27825,37893,49164,51196,55469,46358,47686,42438,47555,40202,27611,19863,14318,8189,4138,1506,343,44,587369,21819,23472,21933,26359,36190,50686,50021,54108,45101,47347,42475,45954,41997,28682,21234,14785,8791,4346,1654,375,45,579138,19060,22674,21347,24564,34599,52157,49505,50802,44750,46066,42346,43687,43128,30562,22459,15115,9363,4676,1830,404,49,571614,16545,21526,21164,22800,33285,52651,50086,47719,44894,44117,42745,41226,43706,33054,23137,15540,9914,5048,1961,440,60,567898,14980,20121,21133,22038,31697,52202,51979,45260,45382,42526,43478,39324,43873,35008,23828,16319,10821,5364,2024,478,69
합계,강서구,남자,275478,12847,12028,14166,17826,19313,21013,28360,24458,24422,20581,22900,19461,13913,10381,7172,3811,1826,723,237,38,7,279483,13226,11911,13606,17185,19674,20768,28694,24654,24817,21061,22465,20629,14558,11275,7687,4144,2026,787,267,47,8,283869,13603,12049,12874,16607,19997,20888,28231,25603,24998,21706,21864,21643,15586,12071,8145,4523,2254,871,292,62,7,285641,13578,12188,12059,15898,19860,21234,27329,26657,24538,22389,21069,22232,16842,12416,8544,4981,2482,967,304,73,7,288136,13154,12299,11758,15105,19352,22271,26479,27876,24066,23277,20416,22589,17894,12713,9045,5687,2692,1059,321,80,7,288004,12220,12231,11568,14225,18519,23173,25696,28507,23345,23772,20236,22347,18595,13140,9652,6255,2930,1167,339,86,8,284853,11157,11991,11237,13425,17481,23712,25015,27816,22667,23690,20341,21576,19420,13528,10257,6588,3209,1275,369,95,9,279976,9792,11541,10963,12501,16469,24072,24716,26139,22461,23057,20462,20504,20039,14222,10743,6850,3520,1413,404,97,13,275390,8470,10931,10898,11604,15621,23954,24940,24525,22548,22071,20814,19451,20289,15221,10961,7140,3851,1554,441,94,16,272771,7617,10215,10874,11199,14827,23465,25728,23180,22869,21206,21313,18576,20357,16019,11164,7578,4330,1681,472,90,15
합계,강서구,여자,286067,12416,11459,13276,16470,18697,22314,27517,23763,24029,22109,25139,21998,14777,10445,8508,6002,4083,2126,770,146,26,291184,12833,11411,12874,15917,19175,22205,27909,23911,24276,22504,24749,23377,15806,11451,8775,6375,4267,2333,844,164,33,296762,13239,11444,12294,15560,19699,22560,27548,24785,24384,22838,24260,24423,17347,12551,8933,6713,4520,2551,900,186,34,299784,13160,11573,11518,15113,19816,23319,26815,25543,23972,23334,23266,25139,19137,13206,9137,7038,4780,2711,967,210,36,303419,12710,11753,11202,14388,19731,24784,26172,26454,23609,23878,22452,25537,20552,13811,9567,7602,5017,2872,1059,235,39,304305,11823,11635,11039,13601,19375,25991,25500,26962,23013,23915,22203,25208,21608,14471,10211,8063,5259,2971,1168,257,37,302516,10663,11481,10696,12935,18710,26974,25006,26292,22435,23657,22134,24379,22577,15154,10977,8197,5582,3071,1286,281,36,299163,9268,11133,10384,12063,18130,28085,24790,24663,22289,23009,21884,23183,23090,16340,11716,8265,5843,3263,1426,307,37,296224,8075,10595,10266,11196,17665,28697,25146,23194,22346,22046,21931,21775,23417,17833,12177,8400,6063,3494,1521,347,44,295127,7363,9906,10259,10839,16870,28737,26251,22080,22514,21320,22165,20748,23517,18989,12664,8742,6491,3684,1552,388,54
합계,구로구,계,421838,21471,18023,18802,23008,26000,31978,43191,38515,36290,30980,34413,30935,23030,17629,13449,7765,3861,1747,614,123,18,421110,20982,17810,17941,22113,26434,30751,41752,37704,36648,31481,33541,32085,23706,18656,14050,8519,4234,1910,652,127,20,419625,20497,17788,16825,21277,26897,29961,39355,37551,36159,31937,32566,32916,24916,19693,14477,9181,4676,2119,675,141,24,415282,19458,17747,15704,20431,26752,29615,36429,37206,34843,32634,31339,33407,26551,20207,14811,9825,5178,2261,709,158,24,409495,17827,17401,15198,19322,26020,29709,33293,36674,33516,33226,30378,33499,27796,20454,15269,10857,5696,2385,783,175,22,402971,15943,16767,14970,18177,25089,30000,30767,35796,31837,33217,30229,32943,28682,20898,15957,11767,6291,2572,851,206,20,400902,14704,16217,14729,17260,24339,30797,29939,34671,30733,33005,30644,32254,29769,21662,16904,12272,6958,2852,946,234,19,400915,13629,15694,14638,16138,23652,31640,30310,33112,30635,32340,31060,31481,30783,23043,17936,12725,7526,3230,1075,246,26,396843,12219,14840,14547,15045,22731,31627,30702,31015,30502,30992,31545,30336,31367,24638,18496,13065,8062,3643,1179,265,33,393518,11271,13868,14325,14506,21703,31420,31629,29399,30498,29649,31871,29374,31512,25783,18809,13501,8881,3946,1262,282,33
합계,구로구,남자,211531,10918,9323,9804,12074,13312,15783,21916,20226,19151,15696,16674,14774,11257,8832,6505,3363,1333,427,143,20,3,210739,10673,9202,9311,11548,13506,15145,21187,19681,19373,15888,16339,15311,11466,9368,6806,3782,1495,490,147,23,4,209344,10428,9103,8761,11036,13623,14694,19941,19461,19103,16082,16018,15694,11940,9836,7056,4125,1706,559,148,28,4,206505,9842,8998,8193,10583,13488,14455,18406,19187,18314,16437,15540,15983,12608,9988,7249,4466,1969,622,150,31,3,203284,9024,8796,7860,10064,13114,14526,16774,18885,17462,16788,15147,16091,13129,10006,7484,4990,2240,710,160,34,3,199695,8122,8462,7698,9447,12597,14782,15438,18388,16480,16889,15049,15874,13567,10048,7819,5440,2562,816,179,40,3,198198,7529,8207,7569,8935,12064,15191,15038,17781,15864,16874,15148,15626,14087,10248,8239,5702,2903,932,213,50,3,197916,7018,7950,7491,8402,11594,15580,15241,17063,15741,16563,15337,15395,14569,10795,8669,5929,3178,1089,254,58,4,195622,6311,7504,7399,7836,11121,15546,15453,16014,15634,15848,15602,14952,14913,11452,8867,6102,3440,1280,290,57,6,193508,5854,7029,7255,7510,10538,15317,15970,15186,15632,15092,15786,14519,15019,11954,8919,6299,3845,1403,329,51,6
합계,구로구,여자,210307,10553,8701,8999,10935,12688,16195,21275,18289,17140,15284,17739,16161,11773,8798,6944,4402,2528,1320,471,103,15,210371,10310,8609,8631,10565,12929,15606,20566,18023,17275,15593,17203,16774,12240,9288,7244,4737,2740,1420,505,104,16,210282,10069,8685,8064,10241,13274,15267,19414,18091,17056,15855,16548,17222,12976,9857,7421,5056,2970,1561,527,113,20,208777,9616,8750,7511,9848,13265,15160,18023,18019,16529,16197,15799,17425,13943,10220,7563,5359,3209,1639,559,127,21,206211,8803,8605,7338,9258,12906,15183,16519,17789,16055,16438,15231,17408,14667,10449,7785,5867,3456,1675,623,141,19,203276,7821,8305,7272,8730,12492,15218,15330,17408,15357,16328,15180,17069,15115,10850,8138,6327,3729,1756,672,166,17,202704,7175,8010,7161,8325,12276,15606,14901,16891,14869,16131,15496,16629,15683,11414,8665,6570,4055,1920,733,184,16,202999,6611,7745,7147,7736,12058,16060,15069,16049,14894,15777,15723,16086,16214,12248,9268,6796,4348,2141,822,188,22,201221,5909,7336,7148,7209,11611,16081,15249,15001,14869,15144,15943,15384,16454,13186,9629,6963,4622,2364,889,208,27,200010,5418,6839,7071,6996,11165,16103,15659,14213,14866,14557,16086,14855,16493,13829,9890,7202,5037,2543,933,231,28
합계,금천구,계,237917,8993,8483,10477,14304,16118,18841,21706,18799,20699,20327,21962,17864,12919,10046,8093,4530,2341,972,368,70,10,235687,8770,8098,9620,13498,16389,18183,21183,18038,20017,20331,21624,18794,13381,10472,8307,4937,2489,1089,381,82,11,233406,8599,7844,8829,12660,16467,17982,20125,17753,19142,20078,21045,19590,14195,10957,8482,5274,2718,1177,394,91,11,231819,8419,7703,8128,11886,16223,18093,19113,17705,18066,19981,20522,20330,15259,11304,8663,5656,2986,1272,406,98,12,231214,8046,7636,7732,11040,15830,18612,18388,17933,17131,19841,20015,20994,16114,11607,8789,6353,3217,1394,421,110,15,230453,7555,7480,7390,10127,15435,19556,17877,18152,16159,19371,19773,21180,16840,11932,9058,6964,3472,1518,477,126,16,229270,6973,7205,6998,9291,14966,20744,17709,17853,15388,18628,19657,20932,17742,12335,9500,7201,3818,1647,535,133,19,228342,6195,6927,6742,8431,14499,21988,18120,17093,15132,17705,19348,20449,18590,13045,9964,7354,4158,1849,598,138,23,228300,5506,6587,6567,7688,13939,23063,19268,16474,15118,16623,19187,19836,19348,13953,10243,7483,4528,2051,673,144,26,228374,5070,6104,6409,7294,13068,23622,20801,16003,15247,15570,19001,19213,19971,14729,10440,7633,5107,2208,714,147,28
합계,금천구,남자,121587,4603,4289,5385,7522,8361,10154,11918,10055,10769,10378,11072,8828,6439,4908,3886,1920,787,213,94,10,-,120312,4504,4100,4929,7078,8449,9805,11645,9652,10421,10327,10980,9309,6612,5125,3988,2155,884,242,99,13,2,118965,4394,3987,4511,6607,8471,9668,11067,9521,9981,10196,10683,9757,6956,5371,4056,2349,1000,282,95,16,3,117961,4289,3944,4111,6160,8346,9668,10504,9566,9416,10138,10420,10165,7444,5534,4146,2543,1123,334,91,19,4,117402,4126,3916,3894,5703,8107,9841,10086,9709,8953,10125,10130,10461,7850,5687,4190,2876,1231,407,89,23,3,116927,3880,3825,3735,5209,7873,10305,9804,9891,8494,9932,9910,10566,8232,5834,4292,3180,1359,485,92,31,3,116302,3580,3674,3559,4745,7543,10932,9763,9809,8137,9525,9801,10481,8734,5985,4490,3308,1548,553,100,37,4,115594,3192,3528,3423,4270,7119,11460,10065,9409,8044,9096,9633,10241,9230,6268,4720,3372,1735,626,128,38,5,115251,2853,3355,3331,3865,6710,11738,10688,9104,8113,8553,9552,9957,9639,6681,4871,3430,1916,694,164,36,6,115065,2632,3116,3259,3670,6241,11777,11459,8847,8255,8026,9514,9622,9937,7079,4964,3497,2184,758,194,33,7
합계,금천구,여자,116331,4391,4194,5092,6783,7757,8687,9789,8744,9931,9949,10891,9036,6480,5139,4207,2610,1554,760,274,60,10,115375,4267,3999,4691,6420,7940,8378,9539,8386,9596,10004,10644,9485,6769,5347,4320,2782,1605,847,282,69,9,114441,4205,3857,4318,6053,7996,8314,9058,8232,9161,9883,10363,9833,7239,5586,4426,2926,1719,895,299,76,8,113859,4130,3759,4017,5726,7877,8425,8609,8139,8651,9843,10102,10165,7815,5770,4517,3113,1864,938,315,79,9,113813,3920,3720,3838,5338,7724,8772,8303,8225,8178,9717,9885,10533,8264,5921,4600,3477,1987,987,333,87,12,113526,3675,3655,3655,4918,7562,9251,8073,8262,7665,9439,9863,10615,8608,6099,4766,3784,2114,1033,385,95,14,112968,3393,3531,3440,4546,7424,9812,7947,8045,7252,9103,9856,10451,9009,6351,5011,3893,2270,1094,435,96,15,112748,3004,3399,3320,4161,7381,10528,8056,7684,7088,8609,9716,10209,9360,6777,5244,3982,2424,1223,470,100,19,113049,2654,3232,3236,3824,7229,11325,8581,7370,7005,8070,9636,9879,9709,7272,5372,4053,2612,1357,509,108,20,113309,2439,2989,3151,3624,6827,11845,9342,7156,6992,7544,9488,9591,10035,7651,5476,4136,2923,1450,520,115,21
합계,영등포구,계,381707,16821,15009,16167,20256,24041,30804,38028,33598,33651,28997,31574,27733,20408,16188,13262,8328,4125,1877,686,130,27,377432,16224,14369,15001,19268,24178,30451,37438,32217,32897,29061,30724,28643,20566,16704,13427,8884,4448,2015,749,146,26,373359,15813,13891,13786,18268,24351,30189,36280,31807,31716,29045,29645,29125,21380,17314,13423,9285,4925,2149,792,159,23,367014,15382,13554,12691,17233,23773,30175,34793,31716,29963,29214,28065,29188,22393,17354,13335,9503,5447,2240,805,178,17,361911,14692,13171,12131,16102,22968,30785,33303,31850,28436,29383,26947,29006,23130,17248,13276,10125,5910,2403,829,202,18,360631,13963,12826,11750,14991,22470,32096,32831,32358,27124,29214,26835,28456,23886,17360,13571,10816,6322,2637,891,217,22,360221,13241,12590,11336,14028,21872,33868,33113,32320,26235,28583,26911,27792,24784,17558,14058,11027,6770,2908,971,234,25,366258,12830,12782,11277,13175,21672,35862,34427,32554,26837,28001,27414,27448,25687,18601,14713,11148,7188,3297,1063,259,29,372444,12276,12998,11485,12361,21605,36989,36158,32640,27825,27220,28348,26893,26477,19980,15128,11306,7555,3752,1152,265,36,372626,11422,12715,11610,11900,21029,36925,37536,31607,28467,26182,28789,26151,26792,20851,15331,11488,8177,4108,1249,263,38
합계,영등포구,남자,191227,8549,7801,8454,10668,11997,15212,19477,17411,17635,14927,15611,13551,9894,7962,6213,3669,1438,554,182,19,7,188764,8248,7453,7883,10040,12050,14889,19248,16580,17261,14896,15307,14039,9989,8221,6249,3969,1617,587,213,22,8,186503,8059,7175,7260,9498,12108,14614,18721,16299,16665,14853,14927,14301,10389,8438,6270,4152,1896,622,224,30,7,183146,7874,6939,6715,8983,11760,14526,17867,16335,15654,14936,14329,14320,10910,8380,6270,4244,2183,668,215,38,5,180456,7576,6678,6447,8434,11298,14861,16996,16502,14737,15035,13752,14292,11297,8315,6277,4547,2410,745,210,47,4,179632,7214,6474,6230,7899,10897,15543,16724,16851,14013,14969,13615,14119,11663,8346,6469,4866,2609,854,224,53,4,178935,6773,6360,5989,7397,10382,16291,16889,16858,13496,14667,13648,13861,12129,8411,6717,4944,2844,973,250,57,4,181332,6534,6491,5898,6921,10165,17021,17487,16998,13782,14376,13825,13857,12569,8932,6949,4999,3043,1144,281,62,4,183852,6276,6633,5909,6518,10026,17306,18228,17013,14381,13936,14255,13774,12903,9608,7068,5073,3202,1360,319,61,6,183333,5847,6506,5916,6290,9575,17087,18842,16341,14783,13353,14526,13397,13102,10010,7138,5176,3493,1523,365,59,8
합계,영등포구,여자,190481,8272,7208,7714,9589,12044,15592,18551,16187,16017,14070,15964,14183,10514,8227,7050,4660,2687,1323,504,111,20,188669,7976,6917,7119,9228,12128,15563,18190,15638,15636,14165,15417,14605,10577,8484,7178,4915,2832,1428,537,124,19,186856,7754,6717,6526,8770,12243,15575,17560,15508,15051,14192,14718,14824,10991,8877,7153,5133,3029,1527,568,129,16,183868,7508,6615,5976,8250,12013,15649,16927,15381,14309,14278,13736,14869,11483,8974,7065,5259,3265,1573,590,141,12,181455,7116,6493,5684,7668,11671,15924,16307,15349,13699,14348,13196,14714,11833,8933,6999,5578,3500,1658,619,156,14,181000,6749,6352,5521,7092,11573,16553,16107,15507,13111,14245,13220,14337,12223,9014,7102,5951,3714,1783,667,164,19,181287,6468,6230,5347,6631,11490,17577,16225,15462,12739,13916,13264,13931,12655,9147,7342,6083,3927,1935,721,178,22,184926,6297,6291,5380,6254,11507,18841,16940,15556,13055,13626,13589,13591,13119,9669,7764,6149,4145,2154,782,197,26,188592,6000,6365,5576,5843,11579,19683,17930,15627,13444,13284,14093,13120,13575,10372,8061,6233,4354,2392,833,205,30,189293,5576,6209,5695,5610,11454,19838,18694,15266,13684,12829,14263,12755,13690,10841,8193,6313,4685,2585,884,204,30
합계,동작구,계,402764,17161,15710,17262,21952,27954,36223,41664,34897,34273,28323,31563,27937,20796,17243,14050,8427,4386,2004,789,137,18,403886,17019,15393,16506,21156,28663,35461,40940,34203,34388,29050,31209,29180,21168,18054,14442,9085,4770,2184,845,153,21,398747,16549,15118,15459,20046,29005,34397,38333,33799,33400,29550,30098,29708,22048,18531,14519,9595,5172,2366,855,181,25,395234,15974,15069,14462,19181,29050,34062,36108,33834,32111,30486,28814,30084,23423,18546,14591,10163,5649,2524,878,203,27,392904,15115,14879,14040,18236,28706,34725,34086,33857,30936,31235,27960,30310,24486,18505,14709,11090,6145,2710,929,220,28,390522,14002,14541,13739,17254,28467,35728,32379,33657,29650,31336,27971,29961,25455,18637,15107,11859,6613,2880,1013,246,30,390350,12980,14237,13388,16466,28276,37231,31835,32719,28818,31106,28523,29487,26533,19054,15773,12189,7165,3135,1132,275,34,387859,11700,13855,13157,15381,27761,38372,31713,30939,28504,30270,28908,28633,27164,20038,16375,12343,7676,3490,1251,292,42,383558,10399,13355,13002,14310,27027,38411,31814,29247,28314,28970,29669,27422,27550,21316,16586,12508,8146,3834,1323,311,48,379738,9441,12709,12787,13966,26329,38008,32316,27720,28234,27660,30256,26517,27520,22190,16611,12801,8792,4143,1374,322,48
합계,동작구,남자,198032,8807,8156,8923,11449,13946,17920,21323,17793,17654,13840,14841,12998,9665,8052,6754,3604,1548,549,187,24,3,198570,8788,7983,8544,10963,14383,17591,20947,17368,17819,14233,14696,13588,9871,8305,6983,3911,1753,616,201,27,4,195734,8564,7817,8023,10333,14659,17107,19501,17036,17252,14553,14245,13825,10292,8456,6988,4181,1970,693,203,36,5,193603,8256,7815,7514,9855,14648,16974,18213,17059,16455,15019,13807,13964,10945,8449,6899,4525,2185,763,212,45,5,191995,7775,7711,7294,9342,14298,17400,17060,17130,15698,15452,13462,14121,11469,8412,6784,5065,2411,835,228,48,4,190183,7137,7463,7151,8827,13894,17936,16221,17016,14925,15602,13405,14089,11877,8480,6802,5494,2648,906,251,57,7,189552,6585,7271,6935,8420,13529,18611,16064,16519,14473,15552,13673,13968,12311,8699,6979,5663,2909,1025,293,68,11,187886,5951,7078,6791,7869,13070,19039,16047,15641,14312,15153,13909,13596,12600,9144,7210,5706,3175,1192,327,69,12,185519,5320,6815,6736,7289,12617,18971,16081,14797,14232,14475,14306,13131,12764,9752,7314,5666,3467,1356,352,68,13,183610,4855,6465,6610,7113,12265,18732,16404,13978,14246,13769,14681,12753,12738,10218,7326,5658,3851,1493,379,71,12
합계,동작구,여자,204732,8354,7554,8339,10503,14008,18303,20341,17104,16619,14483,16722,14939,11131,9191,7296,4823,2838,1456,603,114,16,205316,8231,7410,7962,10193,14281,17870,19993,16836,16569,14817,16513,15592,11298,9749,7459,5174,3017,1568,644,126,18,203014,7985,7301,7436,9714,14346,17290,18833,16763,16148,14997,15853,15883,11756,10075,7531,5414,3202,1673,652,145,21,201631,7718,7254,6948,9326,14403,17088,17895,16775,15656,15467,15007,16120,12478,10097,7692,5638,3464,1762,666,159,22,200909,7340,7168,6746,8894,14409,17325,17027,16727,15238,15783,14498,16189,13017,10093,7925,6026,3734,1875,702,172,24,200339,6866,7078,6588,8427,14573,17792,16159,16642,14725,15734,14567,15872,13578,10158,8306,6366,3965,1974,762,189,23,200798,6395,6967,6453,8046,14747,18620,15771,16200,14345,15554,14850,15519,14222,10356,8794,6526,4256,2111,839,207,24,199973,5750,6777,6366,7513,14691,19333,15666,15298,14192,15117,15000,15037,14565,10894,9165,6637,4501,2298,925,223,30,198039,5080,6541,6266,7021,14410,19441,15734,14450,14082,14495,15363,14291,14786,11564,9273,6842,4679,2478,971,244,36,196128,4586,6244,6177,6853,14064,19277,15912,13743,13988,13892,15575,13764,14782,11972,9285,7143,4942,2651,995,252,36
합계,관악구,계,512923,19116,17223,19450,24968,37082,57079,60618,45304,42575,34627,37794,34101,26765,21994,17489,9269,4505,2039,754,150,25,508137,18429,16520,18091,23969,37849,55344,58953,43539,42274,35241,36883,34997,26896,22815,18113,10258,4840,2155,798,157,22,503853,17850,15870,16691,22975,38592,55158,55864,42983,41163,35735,35784,35563,27901,23527,18444,11146,5278,2353,790,166,25,500390,16950,15432,15504,21841,39146,56162,52765,42962,39274,36627,34503,36050,29373,23792,18530,12103,5792,2545,839,173,30,497057,15606,14945,14793,20408,39314,58587,49856,42976,37213,37336,33397,36194,30198,23878,18620,13508,6378,2710,915,195,36,494638,14108,14200,14210,19096,39581,61975,48149,42658,35066,37260,33108,35718,30714,23909,19075,14606,7076,2892,976,225,41,493055,12567,13526,13564,17924,39733,65595,47852,41157,33410,36732,33413,34741,31589,23975,19754,15154,7905,3123,1056,248,43,489799,10833,12873,12958,16558,39275,68411,48260,38692,32750,35438,33594,33477,32261,24837,20392,15530,8699,3479,1188,253,45,484198,9208,11881,12494,15212,38358,69784,49204,36193,32396,33403,34045,32086,32547,26014,20696,15694,9492,3890,1290,268,47,482093,8142,10847,12036,14556,37540,71244,51437,34313,32316,31443,34543,31012,32661,26700,20855,15811,10667,4296,1340,289,49
합계,관악구,남자,259479,9761,8828,10151,12999,18043,29448,33190,24712,23078,17550,17987,15734,12579,10395,8620,4125,1575,529,158,19,3,256757,9393,8477,9426,12393,18459,28479,32297,23629,23011,17905,17740,16251,12512,10716,8861,4676,1763,581,170,21,2,254381,9113,8186,8648,11808,18815,28483,30496,23267,22407,18282,17461,16601,12888,10984,8938,5161,2008,646,167,26,3,252543,8661,7960,7998,11230,18935,29218,28784,23234,21367,18829,17073,16923,13524,11099,8847,5658,2281,719,176,30,3,250590,7946,7695,7620,10509,18702,30665,27223,23226,20136,19362,16633,17132,13862,11170,8724,6358,2582,813,197,37,3,248664,7228,7305,7316,9834,18311,32291,26339,23052,18851,19548,16491,17013,14159,11126,8818,6859,2933,929,215,48,4,247407,6510,6937,6984,9218,17846,33972,26299,22311,17910,19411,16683,16705,14704,11071,9083,7062,3352,1061,234,54,4,245687,5592,6605,6680,8476,17388,35201,26688,21126,17539,18794,16879,16371,15092,11444,9341,7175,3758,1220,272,46,6,242946,4721,6113,6436,7744,16965,35603,27413,19827,17373,17747,17225,15983,15292,11949,9478,7155,4158,1402,317,42,6,242063,4207,5577,6190,7381,16568,36228,28663,18854,17417,16686,17675,15550,15486,12201,9565,7092,4724,1600,349,46,8
합계,관악구,여자,253444,9356,8396,9299,11969,19039,27631,27428,20592,19497,17077,19807,18367,14186,11599,8870,5144,2930,1511,596,132,22,251380,9036,8043,8666,11577,19391,26865,26657,19910,19263,17336,19143,18747,14385,12099,9252,5582,3077,1574,628,136,20,249472,8738,7684,8044,11167,19777,26676,25368,19717,18756,17453,18324,18962,15013,12543,9507,5985,3270,1707,623,140,23,247847,8290,7472,7506,10611,20212,26944,23981,19728,17908,17798,17431,19127,15849,12693,9684,6446,3512,1826,663,144,28,246467,7660,7250,7173,9900,20612,27922,22633,19750,17077,17974,16764,19062,16336,12708,9896,7150,3796,1898,718,158,33,245974,6881,6895,6894,9263,21271,29684,21810,19606,16215,17712,16618,18706,16555,12783,10258,7747,4143,1963,761,177,37,245649,6057,6589,6581,8706,21887,31624,21554,18846,15500,17321,16730,18036,16885,12904,10671,8092,4553,2062,822,194,39,244112,5241,6268,6278,8083,21887,33210,21572,17567,15212,16645,16715,17106,17170,13393,11051,8356,4941,2259,916,207,39,241252,4487,5769,6058,7468,21393,34181,21791,16366,15023,15657,16820,16103,17256,14065,11219,8539,5335,2488,973,226,41,240030,3935,5271,5846,7175,20972,35017,22774,15459,14899,14757,16868,15462,17175,14499,11291,8719,5944,2696,992,243,42
합계,서초구,계,431841,19624,20209,24676,28379,28107,32337,40435,37066,42146,34655,32539,28969,20956,16450,11377,6754,3899,2182,842,206,37,439277,20569,21034,24371,28019,28300,31558,40467,37433,42835,36185,32547,29912,21522,17487,12113,7300,4123,2326,926,215,38,441512,20618,21628,23521,27648,28470,30972,38756,38076,42211,37815,32286,30281,22545,18118,12619,7770,4466,2462,984,226,46,439369,19692,22073,22610,26929,28115,30702,36400,38449,40814,39593,31508,30262,23990,18141,13144,8311,4797,2537,1017,238,50,435952,18184,22204,22480,25830,27357,30913,33958,38256,39546,40993,31134,30046,25022,18120,13763,9076,5111,2612,1073,240,41,429232,16538,21860,22594,24614,26459,30820,31700,37627,37889,41313,31471,29146,25390,18278,14343,9652,5449,2657,1138,267,32,423950,15268,21416,22451,23762,25707,30572,30605,36329,36566,41023,32203,28508,25913,18505,14988,10038,5803,2752,1212,303,32,419614,13903,20972,22642,22785,25155,30068,29876,34207,36313,40043,33256,28018,26176,19406,15556,10482,6104,3015,1292,311,39,411435,12549,20188,22990,21711,24218,28876,28860,31741,36299,38504,34469,26894,25806,20667,15466,10828,6419,3267,1319,327,44,402937,11430,18910,22881,21446,22942,27733,28275,29255,35836,37165,35414,26223,25250,21436,15371,11264,6926,3467,1328,344,47
합계,서초구,남자,208536,10047,10416,12634,14834,14073,14809,19047,17317,20085,17175,15631,13539,9912,8011,5797,3035,1329,585,221,39,7,211758,10578,10778,12444,14539,14248,14467,18834,17446,20350,17953,15733,13993,10107,8392,6114,3381,1481,638,231,51,7,212401,10649,11039,11997,14252,14260,14291,17922,17610,19987,18722,15741,14151,10524,8590,6321,3669,1685,691,239,59,8,210998,10130,11275,11543,13860,13967,14302,16764,17698,19224,19416,15563,14174,11126,8504,6517,3989,1918,711,255,55,9,209029,9311,11384,11490,13239,13601,14527,15558,17559,18471,19990,15409,14183,11547,8437,6672,4429,2115,782,271,51,8,205626,8473,11240,11523,12566,13188,14568,14499,17251,17568,20125,15507,13847,11741,8433,6825,4747,2313,871,279,58,7,202999,7846,11082,11437,12109,12716,14507,14047,16637,16878,19840,15956,13609,11987,8506,7038,4927,2557,951,302,67,5,200823,7186,10850,11525,11639,12332,14242,13796,15663,16620,19302,16593,13472,12108,8914,7190,5112,2785,1079,342,71,7,196791,6512,10360,11690,11088,11833,13655,13376,14500,16552,18501,17221,13110,11994,9451,7101,5216,2976,1224,353,74,9,192514,5936,9651,11656,10879,11152,13188,13202,13239,16351,17674,17676,12903,11792,9780,7048,5325,3250,1358,372,77,7
합계,서초구,여자,223306,9577,9793,12043,13546,14035,17528,21389,19749,22061,17480,16909,15430,11044,8440,5581,3719,2571,1597,622,167,30,227519,9992,10257,11927,13481,14052,17092,21633,19988,22485,18233,16815,15919,11416,9095,5999,3919,2643,1688,695,164,31,229111,9970,10589,11524,13396,14210,16681,20834,20466,22224,19093,16546,16130,12021,9529,6298,4101,2781,1771,746,167,38,228371,9562,10798,11067,13069,14148,16400,19637,20752,21590,20177,15945,16089,12864,9637,6627,4322,2879,1826,763,183,41,226923,8873,10820,10990,12591,13756,16386,18400,20697,21075,21003,15726,15863,13475,9683,7091,4648,2996,1831,802,189,33,223607,8065,10620,11072,12048,13271,16252,17202,20376,20321,21189,15964,15299,13649,9845,7518,4905,3136,1786,860,209,25,220952,7423,10334,11014,11653,12992,16065,16558,19693,19688,21183,16247,14900,13926,9999,7950,5112,3246,1801,910,236,27,218791,6717,10122,11118,11146,12824,15826,16081,18544,19693,20741,16663,14547,14068,10492,8366,5370,3320,1936,950,240,32,214644,6037,9829,11300,10623,12385,15221,15484,17241,19748,20003,17248,13784,13812,11216,8365,5612,3443,2043,966,253,35,210423,5494,9259,11225,10567,11790,14545,15073,16016,19485,19491,17738,13320,13458,11656,8323,5940,3676,2109,956,267,41
합계,강남구,계,553927,21019,20948,30207,42005,39035,44919,54845,44411,50469,48741,44146,36898,26041,19880,13522,7981,4810,2706,1076,234,37,561071,21288,21485,29445,41261,39874,43868,54477,45193,50792,49979,44502,38214,26981,21325,14413,8626,5013,2895,1151,253,41,567008,21787,22427,28475,40476,40061,43343,52689,47128,50433,51405,44450,38743,28641,22469,15212,9304,5374,3053,1219,278,46,560257,20985,23036,27130,38919,39022,42384,49005,47768,48554,52773,42971,38330,30519,22494,15852,10001,5757,3126,1274,313,50,549396,19230,23084,26852,36658,37606,41778,44780,47372,46659,53538,41867,37510,31491,22503,16580,10864,6065,3231,1341,341,51,537082,17333,22870,27143,34348,35796,41098,41325,46521,45156,53003,41559,36116,31433,22799,17452,11554,6418,3342,1403,366,51,531575,15873,22971,27601,32682,34269,40925,39748,45153,44789,52369,41950,35349,31711,23181,18570,12174,6862,3461,1500,387,56,530126,14474,23152,28455,30922,33299,40651,39138,42965,45597,51534,42991,34960,31983,24547,19537,12852,7317,3693,1597,403,64,525570,12981,22681,29339,29466,32124,39405,38220,40130,46125,50123,44812,34190,31949,26630,19794,13595,7913,3937,1667,422,73,522783,11916,21534,29777,29599,30565,38208,38020,37504,46215,48960,46692,33961,31712,28115,20257,14554,8758,4189,1738,442,73
합계,강남구,남자,265635,10792,10803,16043,22646,19356,20176,25033,20958,23115,23274,21560,17197,12224,9778,6771,3431,1501,664,259,49,9,268916,10978,11059,15536,22023,19957,19936,24766,21253,23204,23857,21868,17826,12538,10336,7227,3843,1644,730,281,49,9,271654,11266,11525,14972,21484,20083,19858,24026,21939,23031,24577,21946,18147,13196,10686,7617,4277,1882,789,293,58,9,268353,10826,11848,14234,20569,19630,19495,22438,22049,22168,25115,21429,18083,13934,10595,7884,4707,2160,816,299,69,9,263131,9870,11912,14062,19340,18874,19379,20551,21704,21269,25458,20938,17834,14385,10551,8087,5227,2407,891,312,78,8,257212,8899,11814,14195,18131,17773,19273,18932,21148,20656,25248,20734,17396,14406,10549,8369,5628,2663,985,328,81,9,254426,8143,11915,14402,17174,16827,19314,18244,20472,20427,24919,21012,17208,14531,10594,8809,5943,2962,1088,352,86,8,253755,7447,12034,14827,16193,16262,19181,18133,19461,20609,24550,21671,17131,14726,11130,9125,6288,3272,1251,372,88,9,251561,6712,11725,15309,15397,15593,18543,17871,18122,20788,23799,22575,16962,14869,11989,9130,6631,3641,1412,397,89,12,250061,6169,11072,15528,15459,14778,17915,17996,16931,20746,23019,23487,16910,14891,12658,9262,7000,4123,1570,443,96,14
합계,강남구,여자,288293,10227,10146,14164,19360,19679,24744,29812,23453,27354,25467,22587,19701,13818,10102,6751,4550,3309,2042,817,185,28,292155,10310,10426,13909,19238,19917,23932,29712,23941,27588,26123,22634,20388,14443,10989,7186,4783,3369,2165,870,204,33,295354,10521,10902,13503,18992,19978,23485,28663,25189,27402,26828,22505,20596,15445,11784,7596,5027,3492,2265,926,220,37,291905,10159,11188,12896,18350,19392,22889,26567,25719,26386,27658,21542,20247,16586,11899,7968,5294,3597,2310,976,244,42,286265,9361,11172,12790,17318,18732,22399,24230,25668,25390,28081,20929,19677,17107,11953,8493,5637,3658,2340,1029,264,43,279870,8434,11056,12948,16217,18024,21825,22394,25373,24500,27755,20826,18721,17027,12250,9083,5926,3755,2358,1076,285,42,277149,7730,11057,13199,15508,17442,21611,21504,24681,24362,27450,20939,18141,17180,12587,9761,6231,3900,2373,1149,301,48,276372,7028,11118,13629,14729,17037,21470,21005,23504,24988,26984,21321,17829,17257,13417,10413,6565,4046,2442,1225,315,55,274009,6269,10956,14030,14069,16532,20862,20349,22009,25338,26324,22238,17228,17081,14641,10664,6964,4272,2526,1270,333,61,272722,5747,10462,14250,14140,15787,20293,20025,20573,25469,25941,23205,17052,16821,15457,10995,7555,4635,2619,1295,346,59
합계,송파구,계,662393,29103,29173,36464,43881,45402,51914,63485,54920,60501,53538,55421,47770,32248,22746,16089,9771,5655,2981,1075,229,31,658553,28997,28713,34599,42060,45159,49804,62394,54215,59650,54218,54061,49213,33687,24268,16729,10338,5896,3121,1166,235,35,654242,28495,28583,32162,40556,45010,48621,59484,54748,57888,54762,52527,50296,36190,25647,17298,10863,6342,3261,1225,249,41,650062,27621,28560,29882,38848,44411,48165,56837,55774,55429,55718,50741,51151,39205,26379,17928,11464,6883,3440,1304,276,49,651723,26861,28603,29183,36831,43545,49194,55049,57590,53510,56990,49610,51547,41490,27476,18876,12540,7363,3683,1422,314,51,656198,25934,28567,29019,35126,42757,50973,53941,59264,52057,57186,49902,51281,43445,29165,20279,13590,7810,3945,1542,369,53,662020,24925,28712,28688,33587,41905,52836,53883,59466,51837,56654,51079,50852,45632,30962,21935,14377,8340,4223,1672,405,56,662838,23247,28881,28806,31360,40726,53698,53718,57775,52945,55290,51855,49669,47012,33620,23486,15072,8795,4591,1820,416,63,655395,21119,28393,28931,29243,39032,52703,52858,54844,53841,52941,52560,47785,47695,36588,24311,15821,9301,4972,1937,455,71,652994,19615,27599,29137,28711,36992,51535,53184,52189,55065,51239,53624,46713,48123,38930,25352,16906,10248,5248,2026,487,75
합계,송파구,남자,323719,14976,15130,18889,22579,23101,24637,30570,26808,29384,26224,26394,22792,16152,11503,7776,4015,1761,742,249,35,7,321528,14877,14831,17909,21583,23042,23712,29893,26395,28931,26518,25901,23420,16642,12280,8183,4405,1895,787,282,39,8,319197,14595,14707,16626,20729,23003,23321,28574,26435,27996,26849,25311,23818,17675,12921,8526,4762,2149,855,295,47,8,316746,14186,14683,15467,19830,22634,23166,27281,26804,26769,27220,24674,24134,18908,13222,8879,5145,2451,930,302,56,10,316992,13876,14705,15061,18880,22016,23617,26335,27701,25873,27630,24248,24326,19751,13703,9366,5759,2744,1018,312,66,8,318619,13471,14649,14933,18047,21413,24368,25807,28539,25232,27620,24286,24284,20554,14392,10055,6371,3055,1124,337,80,7,320771,12998,14694,14715,17268,20751,25088,25804,28612,25101,27347,24794,24169,21535,15083,10850,6850,3386,1261,378,83,8,320336,12113,14814,14698,16129,19886,25320,25716,27815,25510,26682,25236,23773,22031,16184,11551,7266,3675,1429,427,75,12,316070,10947,14567,14755,15027,18911,24731,25254,26301,25911,25652,25475,23140,22264,17383,11916,7666,3997,1611,474,80,13,314477,10123,14204,14879,14678,17912,24109,25392,24899,26500,24951,25869,22686,22509,18293,12372,8180,4523,1799,502,92,12
합계,송파구,여자,338674,14128,14044,17576,21302,22301,27277,32916,28113,31117,27314,29027,24978,16096,11243,8314,5756,3894,2240,826,194,24,337025,14120,13883,16690,20477,22117,26092,32501,27820,30719,27700,28160,25794,17046,11988,8546,5934,4001,2334,885,196,28,335045,13900,13876,15536,19827,22007,25300,30911,28313,29892,27913,27216,26478,18516,12726,8772,6101,4194,2406,930,202,33,333316,13435,13877,14416,19018,21777,24999,29557,28970,28660,28499,26067,27017,20297,13157,9049,6319,4433,2510,1002,221,39,334731,12985,13898,14123,17951,21529,25577,28714,29889,27637,29360,25362,27221,21739,13773,9510,6781,4619,2665,1110,248,43,337579,12463,13918,14086,17079,21344,26606,28134,30726,26825,29566,25616,26997,22891,14773,10224,7219,4755,2821,1205,289,46,341249,11927,14018,13973,16320,21154,27748,28080,30854,26736,29307,26285,26683,24097,15879,11085,7528,4954,2962,1294,322,48,342502,11134,14067,14108,15231,20840,28378,28002,29961,27436,28608,26619,25896,24981,17436,11936,7806,5121,3163,1393,341,52,339325,10172,13826,14176,14216,20121,27972,27605,28543,27930,27290,27085,24645,25432,19206,12396,8155,5304,3361,1463,375,58,338517,9493,13395,14258,14033,19080,27427,27792,27291,28566,26289,27755,24027,25614,20638,12981,8727,5725,3449,1525,395,63
합계,강동구,계,479184,20726,19748,24226,31539,33521,36074,44626,37882,41065,38925,43597,37162,24835,17499,12365,7484,4488,2361,872,163,30,473861,20142,19296,22742,29976,33159,34629,43101,37391,40045,38763,42112,38759,25875,18795,12929,7891,4615,2505,929,183,29,461500,19108,18815,20767,28155,32365,33058,39749,36906,38204,38111,39722,39133,27570,19708,13251,8230,4851,2639,931,205,28,445083,17623,18209,18811,26189,30906,31728,36083,36210,35649,37547,36802,38802,29320,19969,13550,8599,5113,2747,975,222,33,433810,16526,17763,18058,24128,29092,31385,33288,36387,33876,37154,34482,38151,30265,20366,13986,9416,5359,2826,1033,234,41,425539,15462,17340,17759,22354,27446,31190,31271,36370,32582,36413,33513,36822,31043,21054,14796,10191,5673,2867,1104,250,42,425410,14695,17247,17575,21143,26479,31742,30683,36012,32287,35897,33707,35790,32633,22088,16111,10722,6097,2969,1215,281,42,441733,14938,18479,18452,20137,26340,33537,32304,36880,34612,36166,34763,35419,34685,24557,17543,11417,6565,3246,1343,303,52,456069,14986,19514,19561,19230,26063,34606,33980,37022,37364,36068,36111,34662,36281,27510,18469,12138,7112,3584,1439,311,63,457679,14280,19134,19889,18965,24887,34132,34555,35242,38681,35343,36741,33618,36870,29428,19438,12885,7928,3788,1489,325,66
합계,강동구,남자,239131,10694,10291,12772,17016,17654,18295,22549,19313,20420,18978,20833,17931,12430,8937,6027,2902,1321,539,205,21,8,236191,10386,10068,11994,16068,17463,17558,21758,19088,19983,18968,20122,18569,12808,9570,6371,3204,1402,566,214,25,10,229829,9872,9846,10973,14998,17088,16745,20096,18728,19130,18768,19036,18646,13483,9941,6579,3530,1512,621,202,30,10,221406,9105,9511,9947,13891,16294,16098,18242,18287,17869,18531,17874,18480,14134,9972,6743,3832,1683,669,203,37,9,215463,8502,9261,9524,12750,15259,15932,16782,18371,16963,18410,16891,18197,14454,10088,6913,4328,1865,713,210,47,10,210891,7946,9046,9389,11785,14243,15742,15715,18306,16331,18118,16402,17621,14745,10330,7268,4783,2084,771,213,49,8,210210,7575,9008,9318,11107,13570,15859,15431,18038,16159,17881,16539,17127,15411,10716,7902,5071,2363,838,241,53,7,217560,7662,9664,9768,10542,13342,16491,16187,18423,17284,18105,17073,16967,16352,11770,8555,5441,2648,952,275,57,8,223923,7691,10194,10355,10080,13042,16760,16863,18411,18643,18093,17739,16786,17088,12992,8930,5824,2973,1105,293,55,11,224158,7392,9973,10512,9978,12361,16398,17063,17448,19238,17686,18141,16358,17349,13729,9316,6190,3414,1230,316,57,13
합계,강동구,여자,240053,10033,9457,11454,14524,15868,17780,22077,18569,20645,19947,22764,19232,12405,8562,6338,4583,3167,1822,667,142,22,237671,9756,9228,10748,13909,15696,17071,21343,18303,20062,19795,21990,20190,13068,9225,6559,4687,3214,1940,715,158,19,231671,9236,8969,9794,13157,15277,16313,19653,18178,19074,19343,20686,20488,14087,9767,6672,4701,3339,2018,730,176,18,223677,8518,8698,8865,12298,14613,15630,17841,17924,17780,19016,18928,20322,15186,9998,6808,4767,3431,2078,773,185,24,218347,8025,8503,8535,11379,13833,15453,16506,18016,16913,18744,17592,19954,15811,10278,7074,5088,3494,2114,823,187,31,214648,7516,8294,8370,10570,13203,15449,15557,18065,16251,18295,17111,19202,16298,10724,7529,5408,3589,2096,892,201,34,215201,7120,8239,8257,10037,12910,15883,15252,17974,16128,18017,17168,18663,17222,11373,8209,5651,3735,2132,974,228,35,224173,7276,8815,8684,9595,12998,17046,16117,18458,17328,18061,17691,18452,18333,12788,8988,5977,3917,2295,1068,246,44,232147,7296,9321,9206,9150,13022,17847,17117,18611,18721,17975,18373,17876,19193,14518,9539,6315,4139,2479,1146,256,52,233522,6888,9161,9378,8988,12527,17734,17492,17794,19443,17657,18600,17260,19521,15700,10122,6696,4514,2559,1173,268,53
